GRID Exact Cut ID,Easting,Northing
1,510500,203500
2,511500,203500
3,512500,203500
4,515500,203500
5,516500,203500
6,517500,203500
7,518500,203500
8,519500,203500
9,508500,202500
10,509500,202500
11,510500,202500
12,511500,202500
13,512500,202500
14,513500,202500
15,514500,202500
16,515500,202500
17,516500,202500
18,517500,202500
19,518500,202500
20,519500,202500
21,520500,202500
22,507500,201500
23,508500,201500
24,509500,201500
25,510500,201500
26,511500,201500
27,512500,201500
28,513500,201500
29,514500,201500
30,515500,201500
31,516500,201500
32,517500,201500
33,518500,201500
34,519500,201500
35,520500,201500
36,521500,201500
37,543500,201500
38,544500,201500
39,545500,201500
40,507500,200500
41,508500,200500
42,509500,200500
43,510500,200500
44,511500,200500
45,512500,200500
46,513500,200500
47,514500,200500
48,515500,200500
49,516500,200500
50,517500,200500
51,518500,200500
52,519500,200500
53,520500,200500
54,521500,200500
55,522500,200500
56,523500,200500
57,524500,200500
58,538500,200500
59,539500,200500
60,540500,200500
61,541500,200500
62,542500,200500
63,543500,200500
64,544500,200500
65,545500,200500
66,546500,200500
67,547500,200500
68,506500,199500
69,507500,199500
70,508500,199500
71,509500,199500
72,510500,199500
73,511500,199500
74,512500,199500
75,513500,199500
76,514500,199500
77,515500,199500
78,516500,199500
79,517500,199500
80,518500,199500
81,519500,199500
82,520500,199500
83,521500,199500
84,522500,199500
85,523500,199500
86,524500,199500
87,538500,199500
88,539500,199500
89,540500,199500
90,541500,199500
91,542500,199500
92,543500,199500
93,544500,199500
94,545500,199500
95,546500,199500
96,547500,199500
97,548500,199500
98,504500,198500
99,505500,198500
100,506500,198500
101,507500,198500
102,508500,198500
103,509500,198500
104,510500,198500
105,511500,198500
106,512500,198500
107,513500,198500
108,514500,198500
109,515500,198500
110,516500,198500
111,538500,198500
112,539500,198500
113,540500,198500
114,541500,198500
115,542500,198500
116,543500,198500
117,544500,198500
118,545500,198500
119,546500,198500
120,547500,198500
121,548500,198500
122,549500,198500
123,550500,198500
124,504500,197500
125,505500,197500
126,506500,197500
127,507500,197500
128,508500,197500
129,509500,197500
130,510500,197500
131,511500,197500
132,512500,197500
133,513500,197500
134,514500,197500
135,515500,197500
136,516500,197500
137,538500,197500
138,539500,197500
139,540500,197500
140,541500,197500
141,542500,197500
142,543500,197500
143,544500,197500
144,545500,197500
145,546500,197500
146,547500,197500
147,548500,197500
148,549500,197500
149,550500,197500
150,551500,197500
151,552500,197500
152,503500,196500
153,504500,196500
154,505500,196500
155,506500,196500
156,507500,196500
157,508500,196500
158,509500,196500
159,510500,196500
160,511500,196500
161,512500,196500
162,513500,196500
163,514500,196500
164,515500,196500
165,516500,196500
166,541500,196500
167,542500,196500
168,543500,196500
169,544500,196500
170,545500,196500
171,546500,196500
172,547500,196500
173,548500,196500
174,549500,196500
175,550500,196500
176,551500,196500
177,552500,196500
178,553500,196500
179,503500,195500
180,504500,195500
181,505500,195500
182,506500,195500
183,507500,195500
184,508500,195500
185,509500,195500
186,510500,195500
187,511500,195500
188,512500,195500
189,513500,195500
190,514500,195500
191,515500,195500
192,516500,195500
193,541500,195500
194,542500,195500
195,543500,195500
196,544500,195500
197,545500,195500
198,546500,195500
199,547500,195500
200,548500,195500
201,549500,195500
202,550500,195500
203,551500,195500
204,552500,195500
205,553500,195500
206,554500,195500
207,502500,194500
208,503500,194500
209,504500,194500
210,505500,194500
211,506500,194500
212,507500,194500
213,508500,194500
214,509500,194500
215,502500,193500
216,502500,192500
217,502500,191500
218,501500,190500
219,502500,190500
220,501500,189500
221,502500,189500
222,501500,188500
223,502500,188500
224,501500,187500
225,502500,187500
226,501500,186500
227,502500,186500
228,501500,185500
229,502500,185500
230,502500,184500
231,555500,177500
232,556500,177500
233,557500,177500
234,555500,176500
235,556500,176500
236,557500,176500
237,555500,175500
238,556500,175500
239,502500,174500
240,555500,174500
241,556500,174500
242,502500,173500
243,555500,173500
244,501500,172500
245,502500,172500
246,503500,172500
247,504500,172500
248,505500,172500
249,506500,172500
250,555500,172500
251,501500,171500
252,502500,171500
253,503500,171500
254,504500,171500
255,505500,171500
256,506500,171500
257,555500,171500
258,501500,170500
259,502500,170500
260,503500,170500
261,504500,170500
262,505500,170500
263,506500,170500
264,501500,169500
265,502500,169500
266,503500,169500
267,504500,169500
268,505500,169500
269,506500,169500
270,507500,169500
271,508500,169500
272,509500,169500
273,510500,169500
274,501500,168500
275,502500,168500
276,503500,168500
277,504500,168500
278,505500,168500
279,506500,168500
280,507500,168500
281,508500,168500
282,509500,168500
283,510500,168500
284,551500,168500
285,552500,168500
286,553500,168500
287,501500,167500
288,502500,167500
289,503500,167500
290,504500,167500
291,505500,167500
292,506500,167500
293,507500,167500
294,508500,167500
295,509500,167500
296,510500,167500
297,551500,167500
298,552500,167500
299,553500,167500
300,502500,166500
301,503500,166500
302,504500,166500
303,505500,166500
304,506500,166500
305,507500,166500
306,508500,166500
307,509500,166500
308,510500,166500
309,511500,166500
310,512500,166500
311,513500,166500
312,514500,166500
313,515500,166500
314,551500,166500
315,552500,166500
316,503500,165500
317,504500,165500
318,505500,165500
319,506500,165500
320,507500,165500
321,508500,165500
322,509500,165500
323,510500,165500
324,511500,165500
325,512500,165500
326,513500,165500
327,514500,165500
328,515500,165500
329,551500,165500
330,503500,164500
331,504500,164500
332,505500,164500
333,506500,164500
334,507500,164500
335,508500,164500
336,509500,164500
337,510500,164500
338,511500,164500
339,512500,164500
340,513500,164500
341,514500,164500
342,515500,164500
343,551500,164500
344,504500,163500
345,505500,163500
346,506500,163500
347,507500,163500
348,508500,163500
349,509500,163500
350,510500,163500
351,511500,163500
352,512500,163500
353,513500,163500
354,514500,163500
355,515500,163500
356,504500,162500
357,505500,162500
358,506500,162500
359,507500,162500
360,508500,162500
361,509500,162500
362,510500,162500
363,511500,162500
364,512500,162500
365,513500,162500
366,514500,162500
367,515500,162500
368,505500,161500
369,506500,161500
370,507500,161500
371,508500,161500
372,509500,161500
373,510500,161500
374,511500,161500
375,512500,161500
376,513500,161500
377,514500,161500
378,515500,161500
379,505500,160500
380,506500,160500
381,507500,160500
382,508500,160500
383,509500,160500
384,510500,160500
385,511500,160500
386,512500,160500
387,513500,160500
388,514500,160500
389,515500,160500
390,506500,159500
391,507500,159500
392,508500,159500
393,509500,159500
394,510500,159500
395,511500,159500
396,512500,159500
397,513500,159500
398,514500,159500
399,515500,159500
400,508500,158500
401,509500,158500
402,510500,158500
403,511500,158500
404,512500,158500
405,513500,158500
406,514500,158500
407,515500,158500
408,516500,158500
409,517500,158500
410,518500,158500
411,519500,158500
412,520500,158500
413,521500,158500
414,522500,158500
415,523500,158500
416,524500,158500
417,525500,158500
418,526500,158500
419,527500,158500
420,510500,157500
421,511500,157500
422,512500,157500
423,513500,157500
424,516500,157500
425,517500,157500
426,518500,157500
427,519500,157500
428,520500,157500
429,521500,157500
430,522500,157500
431,523500,157500
432,524500,157500
433,525500,157500
434,526500,157500
435,527500,157500
436,517500,156500
437,518500,156500
438,519500,156500
439,520500,156500
440,521500,156500
441,522500,156500
442,523500,156500
443,524500,156500
444,525500,156500
445,526500,156500
446,527500,156500
447,517500,155500
448,518500,155500
449,519500,155500
450,520500,155500
451,521500,155500
452,522500,155500
453,523500,155500
454,524500,155500
455,525500,155500
456,526500,155500
457,527500,155500
458,540500,155500
459,541500,155500
460,542500,155500
461,543500,155500
462,544500,155500
463,545500,155500
464,546500,155500
465,547500,155500
466,521500,154500
467,522500,154500
468,523500,154500
469,524500,154500
470,525500,154500
471,526500,154500
472,527500,154500
473,528500,154500
474,529500,154500
475,530500,154500
476,531500,154500
477,532500,154500
478,533500,154500
479,534500,154500
480,535500,154500
481,536500,154500
482,537500,154500
483,538500,154500
484,539500,154500
485,540500,154500
486,541500,154500
487,542500,154500
488,543500,154500
489,544500,154500
490,522500,153500
491,523500,153500
492,524500,153500
493,525500,153500
494,526500,153500
495,527500,153500
496,528500,153500
497,529500,153500
498,530500,153500
499,531500,153500
500,532500,153500
501,533500,153500
502,534500,153500
503,535500,153500
504,536500,153500
505,537500,153500
506,538500,153500
507,539500,153500
508,540500,153500
509,524500,152500
510,525500,152500
511,526500,152500
512,527500,152500
513,530500,152500
514,531500,152500
515,532500,152500
516,533500,152500
517,534500,152500
518,535500,152500
519,536500,152500
520,525500,200500
521,527500,200500
522,527500,200500
523,529500,200500
524,529500,200500
525,531500,200500
526,531500,200500
527,533500,200500
528,533500,200500
529,535500,200500
530,535500,200500
531,537500,200500
532,517500,198500
533,519500,198500
534,521500,198500
535,523500,198500
536,523500,198500
537,525500,198500
538,525500,198500
539,525500,198500
540,527500,198500
541,529500,198500
542,531500,198500
543,533500,198500
544,535500,198500
545,537500,198500
546,537500,198500
547,517500,196500
548,519500,196500
549,521500,196500
550,521500,196500
551,523500,196500
552,525500,196500
553,527500,196500
554,527500,196500
555,529500,196500
556,531500,196500
557,533500,196500
558,535500,196500
559,537500,196500
560,537500,196500
561,537500,196500
562,539500,196500
563,510500,194500
564,512500,194500
565,514500,194500
566,516500,194500
567,516500,194500
568,518500,194500
569,518500,194500
570,520500,194500
571,522500,194500
572,524500,194500
573,526500,194500
574,528500,194500
575,528500,194500
576,530500,194500
577,532500,194500
578,534500,194500
579,536500,194500
580,538500,194500
581,540500,194500
582,540500,194500
583,540500,194500
584,542500,194500
585,544500,194500
586,546500,194500
587,548500,194500
588,550500,194500
589,552500,194500
590,552500,194500
591,554500,194500
592,554500,194500
593,503500,193500
594,503500,193500
595,505500,193500
596,507500,193500
597,556500,193500
598,556500,193500
599,509500,192500
600,509500,192500
601,511500,192500
602,511500,192500
603,513500,192500
604,513500,192500
605,515500,192500
606,517500,192500
607,519500,192500
608,521500,192500
609,523500,192500
610,525500,192500
611,527500,192500
612,529500,192500
613,529500,192500
614,531500,192500
615,533500,192500
616,535500,192500
617,537500,192500
618,539500,192500
619,539500,192500
620,541500,192500
621,541500,192500
622,543500,192500
623,545500,192500
624,545500,192500
625,547500,192500
626,547500,192500
627,549500,192500
628,551500,192500
629,553500,192500
630,503500,191500
631,505500,191500
632,507500,191500
633,507500,191500
634,555500,191500
635,557500,191500
636,557500,191500
637,509500,190500
638,511500,190500
639,513500,190500
640,515500,190500
641,517500,190500
642,519500,190500
643,519500,190500
644,519500,190500
645,521500,190500
646,523500,190500
647,525500,190500
648,527500,190500
649,527500,190500
650,529500,190500
651,531500,190500
652,533500,190500
653,535500,190500
654,535500,190500
655,537500,190500
656,539500,190500
657,539500,190500
658,541500,190500
659,543500,190500
660,545500,190500
661,547500,190500
662,547500,190500
663,549500,190500
664,549500,190500
665,551500,190500
666,553500,190500
667,503500,189500
668,503500,189500
669,505500,189500
670,507500,189500
671,555500,189500
672,557500,189500
673,557500,189500
674,559500,189500
675,509500,188500
676,511500,188500
677,511500,188500
678,513500,188500
679,515500,188500
680,517500,188500
681,517500,188500
682,519500,188500
683,519500,188500
684,521500,188500
685,521500,188500
686,523500,188500
687,525500,188500
688,527500,188500
689,527500,188500
690,529500,188500
691,531500,188500
692,533500,188500
693,533500,188500
694,535500,188500
695,537500,188500
696,539500,188500
697,539500,188500
698,541500,188500
699,543500,188500
700,545500,188500
701,547500,188500
702,547500,188500
703,549500,188500
704,549500,188500
705,551500,188500
706,553500,188500
707,503500,187500
708,505500,187500
709,505500,187500
710,507500,187500
711,555500,187500
712,557500,187500
713,559500,187500
714,559500,187500
715,509500,186500
716,511500,186500
717,511500,186500
718,513500,186500
719,515500,186500
720,515500,186500
721,517500,186500
722,519500,186500
723,521500,186500
724,521500,186500
725,523500,186500
726,523500,186500
727,525500,186500
728,525500,186500
729,527500,186500
730,529500,186500
731,529500,186500
732,531500,186500
733,531500,186500
734,531500,186500
735,533500,186500
736,535500,186500
737,535500,186500
738,537500,186500
739,537500,186500
740,539500,186500
741,539500,186500
742,541500,186500
743,541500,186500
744,543500,186500
745,543500,186500
746,545500,186500
747,547500,186500
748,547500,186500
749,549500,186500
750,549500,186500
751,551500,186500
752,551500,186500
753,553500,186500
754,561500,186500
755,561500,186500
756,503500,185500
757,505500,185500
758,505500,185500
759,507500,185500
760,555500,185500
761,557500,185500
762,559500,185500
763,509500,184500
764,511500,184500
765,511500,184500
766,513500,184500
767,515500,184500
768,517500,184500
769,517500,184500
770,519500,184500
771,521500,184500
772,523500,184500
773,525500,184500
774,525500,184500
775,527500,184500
776,529500,184500
777,529500,184500
778,531500,184500
779,533500,184500
780,533500,184500
781,535500,184500
782,537500,184500
783,537500,184500
784,537500,184500
785,539500,184500
786,541500,184500
787,543500,184500
788,543500,184500
789,543500,184500
790,545500,184500
791,547500,184500
792,549500,184500
793,551500,184500
794,551500,184500
795,553500,184500
796,503500,183500
797,505500,183500
798,507500,183500
799,555500,183500
800,555500,183500
801,557500,183500
802,557500,183500
803,509500,182500
804,511500,182500
805,511500,182500
806,513500,182500
807,515500,182500
808,517500,182500
809,517500,182500
810,519500,182500
811,519500,182500
812,521500,182500
813,521500,182500
814,521500,182500
815,523500,182500
816,523500,182500
817,523500,182500
818,523500,182500
819,525500,182500
820,525500,182500
821,527500,182500
822,535500,182500
823,537500,182500
824,539500,182500
825,541500,182500
826,543500,182500
827,545500,182500
828,545500,182500
829,547500,182500
830,549500,182500
831,549500,182500
832,551500,182500
833,553500,182500
834,504500,181500
835,504500,181500
836,506500,181500
837,555500,181500
838,555500,181500
839,557500,181500
840,508500,180500
841,510500,180500
842,512500,180500
843,512500,180500
844,514500,180500
845,516500,180500
846,518500,180500
847,520500,180500
848,522500,180500
849,524500,180500
850,526500,180500
851,526500,180500
852,534500,180500
853,534500,180500
854,536500,180500
855,536500,180500
856,538500,180500
857,538500,180500
858,540500,180500
859,542500,180500
860,544500,180500
861,544500,180500
862,546500,180500
863,548500,180500
864,550500,180500
865,550500,180500
866,552500,180500
867,504500,179500
868,504500,179500
869,506500,179500
870,554500,179500
871,554500,179500
872,556500,179500
873,508500,178500
874,510500,178500
875,510500,178500
876,510500,178500
877,512500,178500
878,512500,178500
879,514500,178500
880,514500,178500
881,516500,178500
882,516500,178500
883,518500,178500
884,518500,178500
885,520500,178500
886,520500,178500
887,522500,178500
888,522500,178500
889,522500,178500
890,524500,178500
891,524500,178500
892,526500,178500
893,528500,178500
894,528500,178500
895,534500,178500
896,536500,178500
897,536500,178500
898,536500,178500
899,538500,178500
900,538500,178500
901,540500,178500
902,542500,178500
903,544500,178500
904,546500,178500
905,548500,178500
906,550500,178500
907,552500,178500
908,552500,178500
909,503500,177500
910,505500,177500
911,554500,177500
912,554500,177500
913,507500,176500
914,509500,176500
915,511500,176500
916,513500,176500
917,515500,176500
918,517500,176500
919,517500,176500
920,519500,176500
921,519500,176500
922,521500,176500
923,521500,176500
924,523500,176500
925,523500,176500
926,523500,176500
927,525500,176500
928,527500,176500
929,529500,176500
930,529500,176500
931,531500,176500
932,533500,176500
933,535500,176500
934,535500,176500
935,537500,176500
936,537500,176500
937,539500,176500
938,539500,176500
939,541500,176500
940,543500,176500
941,545500,176500
942,545500,176500
943,547500,176500
944,549500,176500
945,551500,176500
946,503500,175500
947,503500,175500
948,505500,175500
949,553500,175500
950,553500,175500
951,507500,174500
952,507500,174500
953,507500,174500
954,509500,174500
955,509500,174500
956,511500,174500
957,513500,174500
958,513500,174500
959,515500,174500
960,515500,174500
961,517500,174500
962,519500,174500
963,521500,174500
964,521500,174500
965,523500,174500
966,525500,174500
967,527500,174500
968,529500,174500
969,529500,174500
970,531500,174500
971,533500,174500
972,535500,174500
973,535500,174500
974,537500,174500
975,539500,174500
976,539500,174500
977,541500,174500
978,543500,174500
979,545500,174500
980,545500,174500
981,547500,174500
982,549500,174500
983,551500,174500
984,551500,174500
985,503500,173500
986,505500,173500
987,553500,173500
988,507500,172500
989,507500,172500
990,509500,172500
991,511500,172500
992,513500,172500
993,513500,172500
994,515500,172500
995,517500,172500
996,519500,172500
997,521500,172500
998,521500,172500
999,521500,172500
1000,523500,172500
1001,523500,172500
1002,525500,172500
1003,525500,172500
1004,527500,172500
1005,529500,172500
1006,529500,172500
1007,531500,172500
1008,533500,172500
1009,535500,172500
1010,537500,172500
1011,539500,172500
1012,541500,172500
1013,541500,172500
1014,543500,172500
1015,545500,172500
1016,545500,172500
1017,547500,172500
1018,549500,172500
1019,549500,172500
1020,551500,172500
1021,553500,171500
1022,507500,170500
1023,509500,170500
1024,511500,170500
1025,511500,170500
1026,511500,170500
1027,513500,170500
1028,515500,170500
1029,517500,170500
1030,517500,170500
1031,519500,170500
1032,519500,170500
1033,521500,170500
1034,521500,170500
1035,523500,170500
1036,525500,170500
1037,527500,170500
1038,527500,170500
1039,529500,170500
1040,529500,170500
1041,529500,170500
1042,531500,170500
1043,531500,170500
1044,533500,170500
1045,533500,170500
1046,533500,170500
1047,533500,170500
1048,535500,170500
1049,537500,170500
1050,537500,170500
1051,539500,170500
1052,539500,170500
1053,541500,170500
1054,543500,170500
1055,545500,170500
1056,545500,170500
1057,547500,170500
1058,547500,170500
1059,549500,170500
1060,549500,170500
1061,549500,170500
1062,551500,170500
1063,553500,169500
1064,511500,168500
1065,513500,168500
1066,513500,168500
1067,515500,168500
1068,515500,168500
1069,517500,168500
1070,517500,168500
1071,519500,168500
1072,521500,168500
1073,523500,168500
1074,525500,168500
1075,527500,168500
1076,529500,168500
1077,531500,168500
1078,533500,168500
1079,535500,168500
1080,535500,168500
1081,537500,168500
1082,539500,168500
1083,541500,168500
1084,543500,168500
1085,545500,168500
1086,547500,168500
1087,549500,168500
1088,549500,168500
1089,516500,166500
1090,518500,166500
1091,520500,166500
1092,522500,166500
1093,522500,166500
1094,522500,166500
1095,522500,166500
1096,524500,166500
1097,524500,166500
1098,526500,166500
1099,526500,166500
1100,528500,166500
1101,530500,166500
1102,530500,166500
1103,532500,166500
1104,534500,166500
1105,536500,166500
1106,536500,166500
1107,538500,166500
1108,540500,166500
1109,542500,166500
1110,544500,166500
1111,546500,166500
1112,548500,166500
1113,550500,166500
1114,516500,164500
1115,518500,164500
1116,520500,164500
1117,520500,164500
1118,522500,164500
1119,522500,164500
1120,524500,164500
1121,526500,164500
1122,528500,164500
1123,530500,164500
1124,530500,164500
1125,532500,164500
1126,534500,164500
1127,536500,164500
1128,538500,164500
1129,538500,164500
1130,540500,164500
1131,542500,164500
1132,544500,164500
1133,546500,164500
1134,548500,164500
1135,550500,164500
1136,516500,162500
1137,516500,162500
1138,518500,162500
1139,518500,162500
1140,520500,162500
1141,522500,162500
1142,524500,162500
1143,524500,162500
1144,526500,162500
1145,528500,162500
1146,530500,162500
1147,530500,162500
1148,532500,162500
1149,534500,162500
1150,536500,162500
1151,538500,162500
1152,540500,162500
1153,542500,162500
1154,544500,162500
1155,546500,162500
1156,548500,162500
1157,548500,162500
1158,550500,162500
1159,516500,160500
1160,516500,160500
1161,518500,160500
1162,518500,160500
1163,520500,160500
1164,522500,160500
1165,524500,160500
1166,524500,160500
1167,526500,160500
1168,528500,160500
1169,528500,160500
1170,530500,160500
1171,532500,160500
1172,534500,160500
1173,536500,160500
1174,536500,160500
1175,538500,160500
1176,538500,160500
1177,540500,160500
1178,542500,160500
1179,544500,160500
1180,546500,160500
1181,546500,160500
1182,548500,160500
1183,550500,160500
1184,528500,158500
1185,528500,158500
1186,530500,158500
1187,532500,158500
1188,534500,158500
1189,536500,158500
1190,538500,158500
1191,540500,158500
1192,540500,158500
1193,542500,158500
1194,542500,158500
1195,544500,158500
1196,546500,158500
1197,548500,158500
1198,550500,158500
1199,528500,156500
1200,530500,156500
1201,530500,156500
1202,532500,156500
1203,532500,156500
1204,534500,156500
1205,536500,156500
1206,538500,156500
1207,540500,156500
1208,540500,156500
1209,542500,156500
1210,542500,156500
1211,544500,156500
1212,544500,156500
1213,546500,156500
1214,548500,156500
1215,550500,156500
1216,526500,200500
1217,528500,200500
1218,528500,200500
1219,530500,200500
1220,530500,200500
1221,532500,200500
1222,532500,200500
1223,534500,200500
1224,534500,200500
1225,536500,200500
1226,536500,200500
1227,518500,198500
1228,520500,198500
1229,522500,198500
1230,524500,198500
1231,524500,198500
1232,526500,198500
1233,526500,198500
1234,528500,198500
1235,530500,198500
1236,532500,198500
1237,534500,198500
1238,536500,198500
1239,518500,196500
1240,520500,196500
1241,522500,196500
1242,522500,196500
1243,524500,196500
1244,526500,196500
1245,528500,196500
1246,528500,196500
1247,530500,196500
1248,532500,196500
1249,534500,196500
1250,536500,196500
1251,538500,196500
1252,540500,196500
1253,511500,194500
1254,513500,194500
1255,515500,194500
1256,515500,194500
1257,517500,194500
1258,517500,194500
1259,517500,194500
1260,519500,194500
1261,519500,194500
1262,521500,194500
1263,523500,194500
1264,525500,194500
1265,527500,194500
1266,529500,194500
1267,529500,194500
1268,531500,194500
1269,533500,194500
1270,535500,194500
1271,537500,194500
1272,537500,194500
1273,539500,194500
1274,539500,194500
1275,541500,194500
1276,543500,194500
1277,545500,194500
1278,547500,194500
1279,549500,194500
1280,551500,194500
1281,551500,194500
1282,553500,194500
1283,553500,194500
1284,555500,194500
1285,555500,194500
1286,504500,193500
1287,504500,193500
1288,506500,193500
1289,508500,193500
1290,510500,192500
1291,512500,192500
1292,512500,192500
1293,514500,192500
1294,516500,192500
1295,518500,192500
1296,518500,192500
1297,520500,192500
1298,522500,192500
1299,524500,192500
1300,526500,192500
1301,528500,192500
1302,528500,192500
1303,530500,192500
1304,532500,192500
1305,534500,192500
1306,536500,192500
1307,536500,192500
1308,538500,192500
1309,540500,192500
1310,540500,192500
1311,542500,192500
1312,542500,192500
1313,544500,192500
1314,544500,192500
1315,546500,192500
1316,546500,192500
1317,548500,192500
1318,548500,192500
1319,550500,192500
1320,552500,192500
1321,554500,192500
1322,556500,192500
1323,556500,192500
1324,504500,191500
1325,504500,191500
1326,506500,191500
1327,506500,191500
1328,508500,191500
1329,510500,190500
1330,510500,190500
1331,512500,190500
1332,514500,190500
1333,516500,190500
1334,518500,190500
1335,520500,190500
1336,520500,190500
1337,520500,190500
1338,522500,190500
1339,524500,190500
1340,526500,190500
1341,528500,190500
1342,528500,190500
1343,530500,190500
1344,532500,190500
1345,534500,190500
1346,536500,190500
1347,538500,190500
1348,540500,190500
1349,542500,190500
1350,544500,190500
1351,546500,190500
1352,548500,190500
1353,548500,190500
1354,548500,190500
1355,550500,190500
1356,552500,190500
1357,554500,190500
1358,556500,190500
1359,504500,189500
1360,504500,189500
1361,506500,189500
1362,508500,189500
1363,558500,189500
1364,558500,189500
1365,560500,189500
1366,510500,188500
1367,512500,188500
1368,514500,188500
1369,516500,188500
1370,516500,188500
1371,518500,188500
1372,518500,188500
1373,520500,188500
1374,522500,188500
1375,524500,188500
1376,526500,188500
1377,526500,188500
1378,528500,188500
1379,530500,188500
1380,532500,188500
1381,532500,188500
1382,534500,188500
1383,534500,188500
1384,534500,188500
1385,536500,188500
1386,538500,188500
1387,540500,188500
1388,542500,188500
1389,544500,188500
1390,546500,188500
1391,548500,188500
1392,548500,188500
1393,550500,188500
1394,552500,188500
1395,554500,188500
1396,556500,188500
1397,504500,187500
1398,504500,187500
1399,506500,187500
1400,508500,187500
1401,558500,187500
1402,558500,187500
1403,560500,187500
1404,560500,187500
1405,510500,186500
1406,512500,186500
1407,512500,186500
1408,514500,186500
1409,516500,186500
1410,516500,186500
1411,518500,186500
1412,520500,186500
1413,522500,186500
1414,522500,186500
1415,524500,186500
1416,526500,186500
1417,528500,186500
1418,528500,186500
1419,530500,186500
1420,532500,186500
1421,532500,186500
1422,534500,186500
1423,536500,186500
1424,536500,186500
1425,538500,186500
1426,540500,186500
1427,540500,186500
1428,540500,186500
1429,542500,186500
1430,542500,186500
1431,544500,186500
1432,546500,186500
1433,546500,186500
1434,548500,186500
1435,550500,186500
1436,550500,186500
1437,552500,186500
1438,554500,186500
1439,556500,186500
1440,504500,185500
1441,506500,185500
1442,508500,185500
1443,558500,185500
1444,560500,185500
1445,510500,184500
1446,512500,184500
1447,512500,184500
1448,514500,184500
1449,516500,184500
1450,516500,184500
1451,518500,184500
1452,520500,184500
1453,522500,184500
1454,524500,184500
1455,524500,184500
1456,526500,184500
1457,528500,184500
1458,530500,184500
1459,530500,184500
1460,532500,184500
1461,532500,184500
1462,534500,184500
1463,536500,184500
1464,536500,184500
1465,538500,184500
1466,540500,184500
1467,542500,184500
1468,544500,184500
1469,544500,184500
1470,546500,184500
1471,548500,184500
1472,550500,184500
1473,550500,184500
1474,552500,184500
1475,554500,184500
1476,556500,184500
1477,504500,183500
1478,504500,183500
1479,506500,183500
1480,508500,183500
1481,558500,183500
1482,510500,182500
1483,510500,182500
1484,512500,182500
1485,512500,182500
1486,514500,182500
1487,516500,182500
1488,518500,182500
1489,518500,182500
1490,520500,182500
1491,520500,182500
1492,522500,182500
1493,522500,182500
1494,522500,182500
1495,524500,182500
1496,524500,182500
1497,524500,182500
1498,526500,182500
1499,534500,182500
1500,536500,182500
1501,538500,182500
1502,538500,182500
1503,540500,182500
1504,542500,182500
1505,544500,182500
1506,544500,182500
1507,546500,182500
1508,548500,182500
1509,550500,182500
1510,550500,182500
1511,552500,182500
1512,554500,182500
1513,556500,182500
1514,556500,182500
1515,505500,181500
1516,507500,181500
1517,509500,180500
1518,511500,180500
1519,511500,180500
1520,513500,180500
1521,515500,180500
1522,517500,180500
1523,519500,180500
1524,521500,180500
1525,521500,180500
1526,523500,180500
1527,523500,180500
1528,525500,180500
1529,525500,180500
1530,535500,180500
1531,535500,180500
1532,537500,180500
1533,539500,180500
1534,539500,180500
1535,539500,180500
1536,541500,180500
1537,543500,180500
1538,545500,180500
1539,547500,180500
1540,547500,180500
1541,549500,180500
1542,551500,180500
1543,551500,180500
1544,553500,180500
1545,555500,180500
1546,555500,180500
1547,557500,180500
1548,505500,179500
1549,505500,179500
1550,507500,179500
1551,509500,178500
1552,511500,178500
1553,511500,178500
1554,513500,178500
1555,513500,178500
1556,515500,178500
1557,515500,178500
1558,517500,178500
1559,517500,178500
1560,519500,178500
1561,519500,178500
1562,521500,178500
1563,521500,178500
1564,521500,178500
1565,523500,178500
1566,523500,178500
1567,525500,178500
1568,525500,178500
1569,527500,178500
1570,529500,178500
1571,533500,178500
1572,535500,178500
1573,535500,178500
1574,537500,178500
1575,537500,178500
1576,537500,178500
1577,539500,178500
1578,541500,178500
1579,543500,178500
1580,545500,178500
1581,547500,178500
1582,547500,178500
1583,549500,178500
1584,551500,178500
1585,551500,178500
1586,553500,178500
1587,553500,178500
1588,553500,178500
1589,555500,178500
1590,557500,178500
1591,504500,177500
1592,504500,177500
1593,506500,177500
1594,508500,176500
1595,510500,176500
1596,510500,176500
1597,512500,176500
1598,514500,176500
1599,516500,176500
1600,516500,176500
1601,518500,176500
1602,520500,176500
1603,520500,176500
1604,522500,176500
1605,522500,176500
1606,524500,176500
1607,526500,176500
1608,526500,176500
1609,526500,176500
1610,528500,176500
1611,528500,176500
1612,530500,176500
1613,532500,176500
1614,532500,176500
1615,534500,176500
1616,536500,176500
1617,538500,176500
1618,538500,176500
1619,540500,176500
1620,540500,176500
1621,542500,176500
1622,544500,176500
1623,544500,176500
1624,546500,176500
1625,548500,176500
1626,550500,176500
1627,552500,176500
1628,554500,176500
1629,504500,175500
1630,504500,175500
1631,506500,175500
1632,508500,174500
1633,508500,174500
1634,510500,174500
1635,512500,174500
1636,512500,174500
1637,514500,174500
1638,514500,174500
1639,516500,174500
1640,516500,174500
1641,518500,174500
1642,520500,174500
1643,522500,174500
1644,524500,174500
1645,526500,174500
1646,528500,174500
1647,528500,174500
1648,530500,174500
1649,532500,174500
1650,532500,174500
1651,534500,174500
1652,534500,174500
1653,536500,174500
1654,536500,174500
1655,538500,174500
1656,540500,174500
1657,540500,174500
1658,542500,174500
1659,544500,174500
1660,546500,174500
1661,548500,174500
1662,550500,174500
1663,552500,174500
1664,552500,174500
1665,554500,174500
1666,504500,173500
1667,506500,173500
1668,508500,172500
1669,508500,172500
1670,510500,172500
1671,512500,172500
1672,512500,172500
1673,514500,172500
1674,516500,172500
1675,518500,172500
1676,520500,172500
1677,520500,172500
1678,522500,172500
1679,522500,172500
1680,522500,172500
1681,524500,172500
1682,524500,172500
1683,526500,172500
1684,526500,172500
1685,528500,172500
1686,530500,172500
1687,532500,172500
1688,532500,172500
1689,534500,172500
1690,534500,172500
1691,536500,172500
1692,538500,172500
1693,540500,172500
1694,540500,172500
1695,542500,172500
1696,542500,172500
1697,544500,172500
1698,544500,172500
1699,544500,172500
1700,546500,172500
1701,548500,172500
1702,550500,172500
1703,550500,172500
1704,552500,172500
1705,554500,172500
1706,508500,170500
1707,510500,170500
1708,510500,170500
1709,512500,170500
1710,512500,170500
1711,512500,170500
1712,514500,170500
1713,516500,170500
1714,518500,170500
1715,520500,170500
1716,522500,170500
1717,524500,170500
1718,526500,170500
1719,526500,170500
1720,528500,170500
1721,528500,170500
1722,530500,170500
1723,530500,170500
1724,532500,170500
1725,532500,170500
1726,534500,170500
1727,534500,170500
1728,536500,170500
1729,538500,170500
1730,538500,170500
1731,540500,170500
1732,542500,170500
1733,544500,170500
1734,546500,170500
1735,546500,170500
1736,548500,170500
1737,548500,170500
1738,550500,170500
1739,552500,170500
1740,554500,170500
1741,512500,168500
1742,512500,168500
1743,514500,168500
1744,514500,168500
1745,516500,168500
1746,518500,168500
1747,520500,168500
1748,522500,168500
1749,522500,168500
1750,524500,168500
1751,526500,168500
1752,528500,168500
1753,530500,168500
1754,530500,168500
1755,532500,168500
1756,534500,168500
1757,534500,168500
1758,536500,168500
1759,538500,168500
1760,540500,168500
1761,542500,168500
1762,544500,168500
1763,546500,168500
1764,548500,168500
1765,550500,168500
1766,550500,168500
1767,517500,166500
1768,517500,166500
1769,519500,166500
1770,521500,166500
1771,521500,166500
1772,523500,166500
1773,523500,166500
1774,525500,166500
1775,525500,166500
1776,527500,166500
1777,529500,166500
1778,531500,166500
1779,533500,166500
1780,535500,166500
1781,537500,166500
1782,537500,166500
1783,539500,166500
1784,541500,166500
1785,543500,166500
1786,545500,166500
1787,547500,166500
1788,549500,166500
1789,549500,166500
1790,517500,164500
1791,517500,164500
1792,519500,164500
1793,519500,164500
1794,521500,164500
1795,523500,164500
1796,523500,164500
1797,525500,164500
1798,527500,164500
1799,529500,164500
1800,531500,164500
1801,533500,164500
1802,535500,164500
1803,537500,164500
1804,537500,164500
1805,539500,164500
1806,541500,164500
1807,543500,164500
1808,545500,164500
1809,547500,164500
1810,549500,164500
1811,549500,164500
1812,517500,162500
1813,519500,162500
1814,521500,162500
1815,523500,162500
1816,523500,162500
1817,525500,162500
1818,525500,162500
1819,527500,162500
1820,529500,162500
1821,529500,162500
1822,531500,162500
1823,531500,162500
1824,533500,162500
1825,535500,162500
1826,537500,162500
1827,539500,162500
1828,539500,162500
1829,541500,162500
1830,543500,162500
1831,545500,162500
1832,547500,162500
1833,547500,162500
1834,549500,162500
1835,517500,160500
1836,517500,160500
1837,519500,160500
1838,521500,160500
1839,523500,160500
1840,523500,160500
1841,525500,160500
1842,527500,160500
1843,527500,160500
1844,529500,160500
1845,529500,160500
1846,531500,160500
1847,533500,160500
1848,535500,160500
1849,535500,160500
1850,537500,160500
1851,539500,160500
1852,539500,160500
1853,539500,160500
1854,541500,160500
1855,543500,160500
1856,545500,160500
1857,547500,160500
1858,547500,160500
1859,549500,160500
1860,529500,158500
1861,531500,158500
1862,533500,158500
1863,533500,158500
1864,535500,158500
1865,537500,158500
1866,539500,158500
1867,541500,158500
1868,541500,158500
1869,543500,158500
1870,545500,158500
1871,545500,158500
1872,547500,158500
1873,549500,158500
1874,529500,156500
1875,531500,156500
1876,531500,156500
1877,533500,156500
1878,535500,156500
1879,537500,156500
1880,539500,156500
1881,541500,156500
1882,543500,156500
1883,543500,156500
1884,545500,156500
1885,545500,156500
1886,547500,156500
1887,549500,156500
1888,525500,199500
1889,527500,199500
1890,527500,199500
1891,529500,199500
1892,531500,199500
1893,533500,199500
1894,535500,199500
1895,537500,199500
1896,537500,199500
1897,517500,197500
1898,519500,197500
1899,521500,197500
1900,523500,197500
1901,523500,197500
1902,525500,197500
1903,525500,197500
1904,525500,197500
1905,527500,197500
1906,527500,197500
1907,529500,197500
1908,531500,197500
1909,533500,197500
1910,535500,197500
1911,537500,197500
1912,537500,197500
1913,517500,195500
1914,519500,195500
1915,519500,195500
1916,521500,195500
1917,521500,195500
1918,523500,195500
1919,525500,195500
1920,527500,195500
1921,527500,195500
1922,529500,195500
1923,531500,195500
1924,533500,195500
1925,535500,195500
1926,537500,195500
1927,537500,195500
1928,537500,195500
1929,539500,195500
1930,539500,195500
1931,509500,193500
1932,511500,193500
1933,513500,193500
1934,513500,193500
1935,515500,193500
1936,515500,193500
1937,517500,193500
1938,517500,193500
1939,519500,193500
1940,521500,193500
1941,523500,193500
1942,525500,193500
1943,527500,193500
1944,529500,193500
1945,529500,193500
1946,531500,193500
1947,533500,193500
1948,535500,193500
1949,537500,193500
1950,537500,193500
1951,539500,193500
1952,539500,193500
1953,541500,193500
1954,541500,193500
1955,543500,193500
1956,545500,193500
1957,547500,193500
1958,547500,193500
1959,549500,193500
1960,549500,193500
1961,551500,193500
1962,551500,193500
1963,553500,193500
1964,555500,193500
1965,555500,193500
1966,503500,192500
1967,503500,192500
1968,505500,192500
1969,505500,192500
1970,507500,192500
1971,507500,192500
1972,557500,192500
1973,509500,191500
1974,509500,191500
1975,511500,191500
1976,511500,191500
1977,513500,191500
1978,515500,191500
1979,517500,191500
1980,519500,191500
1981,519500,191500
1982,521500,191500
1983,523500,191500
1984,525500,191500
1985,527500,191500
1986,527500,191500
1987,529500,191500
1988,529500,191500
1989,531500,191500
1990,531500,191500
1991,533500,191500
1992,533500,191500
1993,535500,191500
1994,535500,191500
1995,535500,191500
1996,537500,191500
1997,539500,191500
1998,539500,191500
1999,541500,191500
2000,543500,191500
2001,543500,191500
2002,545500,191500
2003,545500,191500
2004,547500,191500
2005,549500,191500
2006,551500,191500
2007,553500,191500
2008,503500,190500
2009,503500,190500
2010,505500,190500
2011,507500,190500
2012,555500,190500
2013,557500,190500
2014,557500,190500
2015,509500,189500
2016,511500,189500
2017,511500,189500
2018,513500,189500
2019,515500,189500
2020,517500,189500
2021,519500,189500
2022,519500,189500
2023,521500,189500
2024,521500,189500
2025,523500,189500
2026,525500,189500
2027,527500,189500
2028,527500,189500
2029,529500,189500
2030,531500,189500
2031,533500,189500
2032,535500,189500
2033,535500,189500
2034,537500,189500
2035,539500,189500
2036,539500,189500
2037,541500,189500
2038,543500,189500
2039,545500,189500
2040,547500,189500
2041,547500,189500
2042,549500,189500
2043,549500,189500
2044,551500,189500
2045,553500,189500
2046,503500,188500
2047,505500,188500
2048,507500,188500
2049,555500,188500
2050,557500,188500
2051,559500,188500
2052,509500,187500
2053,511500,187500
2054,511500,187500
2055,513500,187500
2056,515500,187500
2057,517500,187500
2058,519500,187500
2059,521500,187500
2060,521500,187500
2061,523500,187500
2062,525500,187500
2063,525500,187500
2064,527500,187500
2065,527500,187500
2066,529500,187500
2067,529500,187500
2068,531500,187500
2069,531500,187500
2070,531500,187500
2071,533500,187500
2072,533500,187500
2073,535500,187500
2074,535500,187500
2075,537500,187500
2076,539500,187500
2077,539500,187500
2078,541500,187500
2079,543500,187500
2080,545500,187500
2081,547500,187500
2082,547500,187500
2083,549500,187500
2084,549500,187500
2085,551500,187500
2086,551500,187500
2087,553500,187500
2088,503500,186500
2089,505500,186500
2090,505500,186500
2091,507500,186500
2092,555500,186500
2093,557500,186500
2094,559500,186500
2095,509500,185500
2096,511500,185500
2097,513500,185500
2098,513500,185500
2099,515500,185500
2100,515500,185500
2101,515500,185500
2102,517500,185500
2103,519500,185500
2104,521500,185500
2105,523500,185500
2106,523500,185500
2107,523500,185500
2108,525500,185500
2109,525500,185500
2110,527500,185500
2111,529500,185500
2112,529500,185500
2113,531500,185500
2114,533500,185500
2115,533500,185500
2116,535500,185500
2117,537500,185500
2118,537500,185500
2119,537500,185500
2120,539500,185500
2121,539500,185500
2122,541500,185500
2123,541500,185500
2124,543500,185500
2125,543500,185500
2126,545500,185500
2127,545500,185500
2128,547500,185500
2129,549500,185500
2130,551500,185500
2131,551500,185500
2132,553500,185500
2133,561500,185500
2134,561500,185500
2135,503500,184500
2136,505500,184500
2137,505500,184500
2138,507500,184500
2139,555500,184500
2140,557500,184500
2141,557500,184500
2142,559500,184500
2143,559500,184500
2144,509500,183500
2145,509500,183500
2146,511500,183500
2147,511500,183500
2148,513500,183500
2149,515500,183500
2150,517500,183500
2151,517500,183500
2152,519500,183500
2153,519500,183500
2154,521500,183500
2155,521500,183500
2156,521500,183500
2157,523500,183500
2158,525500,183500
2159,525500,183500
2160,525500,183500
2161,527500,183500
2162,527500,183500
2163,529500,183500
2164,533500,183500
2165,533500,183500
2166,535500,183500
2167,535500,183500
2168,537500,183500
2169,537500,183500
2170,539500,183500
2171,541500,183500
2172,543500,183500
2173,543500,183500
2174,545500,183500
2175,547500,183500
2176,549500,183500
2177,551500,183500
2178,553500,183500
2179,503500,182500
2180,505500,182500
2181,507500,182500
2182,555500,182500
2183,555500,182500
2184,557500,182500
2185,557500,182500
2186,509500,181500
2187,511500,181500
2188,513500,181500
2189,515500,181500
2190,517500,181500
2191,519500,181500
2192,521500,181500
2193,521500,181500
2194,523500,181500
2195,523500,181500
2196,525500,181500
2197,525500,181500
2198,535500,181500
2199,537500,181500
2200,539500,181500
2201,539500,181500
2202,541500,181500
2203,543500,181500
2204,545500,181500
2205,545500,181500
2206,545500,181500
2207,547500,181500
2208,547500,181500
2209,547500,181500
2210,549500,181500
2211,549500,181500
2212,549500,181500
2213,551500,181500
2214,553500,181500
2215,504500,180500
2216,504500,180500
2217,506500,180500
2218,556500,180500
2219,508500,179500
2220,510500,179500
2221,510500,179500
2222,510500,179500
2223,512500,179500
2224,514500,179500
2225,514500,179500
2226,516500,179500
2227,518500,179500
2228,518500,179500
2229,520500,179500
2230,522500,179500
2231,524500,179500
2232,524500,179500
2233,526500,179500
2234,526500,179500
2235,528500,179500
2236,534500,179500
2237,534500,179500
2238,536500,179500
2239,536500,179500
2240,536500,179500
2241,538500,179500
2242,538500,179500
2243,540500,179500
2244,540500,179500
2245,542500,179500
2246,542500,179500
2247,544500,179500
2248,544500,179500
2249,546500,179500
2250,548500,179500
2251,550500,179500
2252,552500,179500
2253,504500,178500
2254,504500,178500
2255,506500,178500
2256,554500,178500
2257,554500,178500
2258,556500,178500
2259,508500,177500
2260,510500,177500
2261,510500,177500
2262,512500,177500
2263,514500,177500
2264,516500,177500
2265,518500,177500
2266,518500,177500
2267,520500,177500
2268,522500,177500
2269,522500,177500
2270,524500,177500
2271,526500,177500
2272,526500,177500
2273,526500,177500
2274,528500,177500
2275,528500,177500
2276,528500,177500
2277,530500,177500
2278,530500,177500
2279,532500,177500
2280,532500,177500
2281,534500,177500
2282,536500,177500
2283,538500,177500
2284,540500,177500
2285,542500,177500
2286,544500,177500
2287,546500,177500
2288,546500,177500
2289,548500,177500
2290,550500,177500
2291,552500,177500
2292,503500,176500
2293,503500,176500
2294,505500,176500
2295,507500,175500
2296,509500,175500
2297,509500,175500
2298,511500,175500
2299,513500,175500
2300,515500,175500
2301,517500,175500
2302,519500,175500
2303,521500,175500
2304,521500,175500
2305,523500,175500
2306,523500,175500
2307,525500,175500
2308,525500,175500
2309,527500,175500
2310,529500,175500
2311,531500,175500
2312,533500,175500
2313,535500,175500
2314,535500,175500
2315,537500,175500
2316,539500,175500
2317,539500,175500
2318,541500,175500
2319,543500,175500
2320,545500,175500
2321,545500,175500
2322,547500,175500
2323,549500,175500
2324,551500,175500
2325,554500,175500
2326,503500,174500
2327,505500,174500
2328,505500,174500
2329,507500,173500
2330,507500,173500
2331,507500,173500
2332,509500,173500
2333,511500,173500
2334,513500,173500
2335,515500,173500
2336,517500,173500
2337,519500,173500
2338,521500,173500
2339,521500,173500
2340,523500,173500
2341,525500,173500
2342,527500,173500
2343,529500,173500
2344,529500,173500
2345,531500,173500
2346,533500,173500
2347,535500,173500
2348,535500,173500
2349,537500,173500
2350,539500,173500
2351,541500,173500
2352,541500,173500
2353,541500,173500
2354,543500,173500
2355,545500,173500
2356,545500,173500
2357,547500,173500
2358,549500,173500
2359,551500,173500
2360,551500,173500
2361,554500,173500
2362,507500,171500
2363,507500,171500
2364,509500,171500
2365,509500,171500
2366,511500,171500
2367,513500,171500
2368,515500,171500
2369,517500,171500
2370,517500,171500
2371,519500,171500
2372,519500,171500
2373,521500,171500
2374,521500,171500
2375,521500,171500
2376,523500,171500
2377,525500,171500
2378,525500,171500
2379,527500,171500
2380,529500,171500
2381,529500,171500
2382,531500,171500
2383,531500,171500
2384,533500,171500
2385,533500,171500
2386,533500,171500
2387,533500,171500
2388,535500,171500
2389,535500,171500
2390,537500,171500
2391,537500,171500
2392,539500,171500
2393,539500,171500
2394,541500,171500
2395,541500,171500
2396,543500,171500
2397,543500,171500
2398,545500,171500
2399,545500,171500
2400,547500,171500
2401,549500,171500
2402,549500,171500
2403,551500,171500
2404,554500,171500
2405,511500,169500
2406,513500,169500
2407,513500,169500
2408,515500,169500
2409,517500,169500
2410,517500,169500
2411,519500,169500
2412,521500,169500
2413,521500,169500
2414,523500,169500
2415,525500,169500
2416,527500,169500
2417,529500,169500
2418,529500,169500
2419,529500,169500
2420,531500,169500
2421,533500,169500
2422,535500,169500
2423,537500,169500
2424,539500,169500
2425,541500,169500
2426,543500,169500
2427,545500,169500
2428,547500,169500
2429,549500,169500
2430,549500,169500
2431,549500,169500
2432,551500,169500
2433,554500,169500
2434,511500,167500
2435,513500,167500
2436,515500,167500
2437,515500,167500
2438,517500,167500
2439,517500,167500
2440,517500,167500
2441,519500,167500
2442,521500,167500
2443,523500,167500
2444,525500,167500
2445,527500,167500
2446,527500,167500
2447,529500,167500
2448,529500,167500
2449,529500,167500
2450,531500,167500
2451,533500,167500
2452,535500,167500
2453,535500,167500
2454,537500,167500
2455,539500,167500
2456,541500,167500
2457,543500,167500
2458,545500,167500
2459,547500,167500
2460,549500,167500
2461,549500,167500
2462,516500,165500
2463,518500,165500
2464,520500,165500
2465,520500,165500
2466,522500,165500
2467,522500,165500
2468,524500,165500
2469,526500,165500
2470,528500,165500
2471,530500,165500
2472,530500,165500
2473,532500,165500
2474,534500,165500
2475,536500,165500
2476,538500,165500
2477,540500,165500
2478,542500,165500
2479,544500,165500
2480,546500,165500
2481,548500,165500
2482,550500,165500
2483,516500,163500
2484,516500,163500
2485,518500,163500
2486,518500,163500
2487,520500,163500
2488,522500,163500
2489,524500,163500
2490,526500,163500
2491,528500,163500
2492,530500,163500
2493,530500,163500
2494,532500,163500
2495,534500,163500
2496,536500,163500
2497,538500,163500
2498,538500,163500
2499,540500,163500
2500,542500,163500
2501,544500,163500
2502,546500,163500
2503,548500,163500
2504,548500,163500
2505,550500,163500
2506,516500,161500
2507,516500,161500
2508,518500,161500
2509,518500,161500
2510,520500,161500
2511,522500,161500
2512,524500,161500
2513,524500,161500
2514,526500,161500
2515,526500,161500
2516,528500,161500
2517,530500,161500
2518,532500,161500
2519,534500,161500
2520,536500,161500
2521,536500,161500
2522,538500,161500
2523,538500,161500
2524,540500,161500
2525,542500,161500
2526,544500,161500
2527,546500,161500
2528,548500,161500
2529,550500,161500
2530,516500,159500
2531,516500,159500
2532,518500,159500
2533,520500,159500
2534,522500,159500
2535,524500,159500
2536,526500,159500
2537,528500,159500
2538,528500,159500
2539,528500,159500
2540,530500,159500
2541,532500,159500
2542,534500,159500
2543,534500,159500
2544,536500,159500
2545,538500,159500
2546,540500,159500
2547,540500,159500
2548,542500,159500
2549,544500,159500
2550,546500,159500
2551,546500,159500
2552,548500,159500
2553,550500,159500
2554,528500,157500
2555,528500,157500
2556,530500,157500
2557,530500,157500
2558,532500,157500
2559,532500,157500
2560,534500,157500
2561,536500,157500
2562,538500,157500
2563,540500,157500
2564,540500,157500
2565,542500,157500
2566,542500,157500
2567,544500,157500
2568,546500,157500
2569,548500,157500
2570,550500,157500
2571,528500,155500
2572,530500,155500
2573,530500,155500
2574,532500,155500
2575,534500,155500
2576,536500,155500
2577,538500,155500
2578,526500,199500
2579,526500,199500
2580,528500,199500
2581,530500,199500
2582,532500,199500
2583,534500,199500
2584,536500,199500
2585,536500,199500
2586,518500,197500
2587,520500,197500
2588,522500,197500
2589,522500,197500
2590,524500,197500
2591,524500,197500
2592,526500,197500
2593,526500,197500
2594,528500,197500
2595,530500,197500
2596,532500,197500
2597,534500,197500
2598,536500,197500
2599,518500,195500
2600,520500,195500
2601,520500,195500
2602,522500,195500
2603,524500,195500
2604,526500,195500
2605,528500,195500
2606,528500,195500
2607,530500,195500
2608,532500,195500
2609,534500,195500
2610,536500,195500
2611,538500,195500
2612,538500,195500
2613,540500,195500
2614,540500,195500
2615,510500,193500
2616,512500,193500
2617,514500,193500
2618,514500,193500
2619,516500,193500
2620,518500,193500
2621,518500,193500
2622,520500,193500
2623,522500,193500
2624,524500,193500
2625,526500,193500
2626,528500,193500
2627,530500,193500
2628,532500,193500
2629,534500,193500
2630,536500,193500
2631,536500,193500
2632,538500,193500
2633,540500,193500
2634,540500,193500
2635,542500,193500
2636,542500,193500
2637,544500,193500
2638,546500,193500
2639,546500,193500
2640,548500,193500
2641,548500,193500
2642,548500,193500
2643,550500,193500
2644,550500,193500
2645,552500,193500
2646,554500,193500
2647,504500,192500
2648,504500,192500
2649,506500,192500
2650,506500,192500
2651,508500,192500
2652,508500,192500
2653,510500,191500
2654,510500,191500
2655,510500,191500
2656,512500,191500
2657,514500,191500
2658,516500,191500
2659,518500,191500
2660,518500,191500
2661,520500,191500
2662,522500,191500
2663,524500,191500
2664,526500,191500
2665,528500,191500
2666,528500,191500
2667,528500,191500
2668,530500,191500
2669,530500,191500
2670,532500,191500
2671,532500,191500
2672,534500,191500
2673,534500,191500
2674,536500,191500
2675,536500,191500
2676,538500,191500
2677,540500,191500
2678,542500,191500
2679,542500,191500
2680,544500,191500
2681,544500,191500
2682,546500,191500
2683,548500,191500
2684,548500,191500
2685,548500,191500
2686,550500,191500
2687,552500,191500
2688,554500,191500
2689,556500,191500
2690,556500,191500
2691,504500,190500
2692,504500,190500
2693,506500,190500
2694,508500,190500
2695,510500,189500
2696,510500,189500
2697,512500,189500
2698,514500,189500
2699,516500,189500
2700,518500,189500
2701,518500,189500
2702,520500,189500
2703,520500,189500
2704,522500,189500
2705,524500,189500
2706,526500,189500
2707,528500,189500
2708,530500,189500
2709,532500,189500
2710,534500,189500
2711,534500,189500
2712,536500,189500
2713,538500,189500
2714,540500,189500
2715,542500,189500
2716,544500,189500
2717,546500,189500
2718,548500,189500
2719,548500,189500
2720,550500,189500
2721,552500,189500
2722,554500,189500
2723,556500,189500
2724,504500,188500
2725,504500,188500
2726,506500,188500
2727,508500,188500
2728,558500,188500
2729,558500,188500
2730,560500,188500
2731,510500,187500
2732,512500,187500
2733,514500,187500
2734,516500,187500
2735,516500,187500
2736,518500,187500
2737,520500,187500
2738,522500,187500
2739,522500,187500
2740,524500,187500
2741,526500,187500
2742,526500,187500
2743,526500,187500
2744,528500,187500
2745,528500,187500
2746,528500,187500
2747,530500,187500
2748,530500,187500
2749,532500,187500
2750,532500,187500
2751,534500,187500
2752,534500,187500
2753,536500,187500
2754,538500,187500
2755,540500,187500
2756,540500,187500
2757,542500,187500
2758,542500,187500
2759,544500,187500
2760,546500,187500
2761,546500,187500
2762,548500,187500
2763,548500,187500
2764,550500,187500
2765,550500,187500
2766,552500,187500
2767,554500,187500
2768,556500,187500
2769,504500,186500
2770,506500,186500
2771,508500,186500
2772,558500,186500
2773,560500,186500
2774,560500,186500
2775,510500,185500
2776,512500,185500
2777,512500,185500
2778,512500,185500
2779,514500,185500
2780,514500,185500
2781,516500,185500
2782,516500,185500
2783,518500,185500
2784,520500,185500
2785,522500,185500
2786,524500,185500
2787,524500,185500
2788,524500,185500
2789,526500,185500
2790,528500,185500
2791,530500,185500
2792,532500,185500
2793,532500,185500
2794,534500,185500
2795,536500,185500
2796,538500,185500
2797,538500,185500
2798,540500,185500
2799,540500,185500
2800,540500,185500
2801,542500,185500
2802,544500,185500
2803,544500,185500
2804,546500,185500
2805,546500,185500
2806,548500,185500
2807,550500,185500
2808,552500,185500
2809,554500,185500
2810,556500,185500
2811,504500,184500
2812,504500,184500
2813,506500,184500
2814,508500,184500
2815,558500,184500
2816,558500,184500
2817,560500,184500
2818,560500,184500
2819,510500,183500
2820,510500,183500
2821,512500,183500
2822,514500,183500
2823,516500,183500
2824,518500,183500
2825,518500,183500
2826,520500,183500
2827,520500,183500
2828,522500,183500
2829,522500,183500
2830,524500,183500
2831,524500,183500
2832,526500,183500
2833,526500,183500
2834,528500,183500
2835,528500,183500
2836,530500,183500
2837,532500,183500
2838,532500,183500
2839,534500,183500
2840,534500,183500
2841,536500,183500
2842,536500,183500
2843,538500,183500
2844,538500,183500
2845,540500,183500
2846,542500,183500
2847,544500,183500
2848,544500,183500
2849,546500,183500
2850,548500,183500
2851,550500,183500
2852,550500,183500
2853,552500,183500
2854,554500,183500
2855,556500,183500
2856,556500,183500
2857,504500,182500
2858,504500,182500
2859,506500,182500
2860,508500,182500
2861,510500,181500
2862,512500,181500
2863,512500,181500
2864,514500,181500
2865,516500,181500
2866,518500,181500
2867,520500,181500
2868,522500,181500
2869,524500,181500
2870,524500,181500
2871,526500,181500
2872,534500,181500
2873,536500,181500
2874,538500,181500
2875,538500,181500
2876,540500,181500
2877,542500,181500
2878,544500,181500
2879,544500,181500
2880,546500,181500
2881,546500,181500
2882,548500,181500
2883,548500,181500
2884,550500,181500
2885,550500,181500
2886,552500,181500
2887,554500,181500
2888,554500,181500
2889,556500,181500
2890,505500,180500
2891,505500,180500
2892,507500,180500
2893,509500,179500
2894,511500,179500
2895,511500,179500
2896,513500,179500
2897,515500,179500
2898,517500,179500
2899,519500,179500
2900,519500,179500
2901,521500,179500
2902,521500,179500
2903,521500,179500
2904,523500,179500
2905,523500,179500
2906,525500,179500
2907,527500,179500
2908,527500,179500
2909,535500,179500
2910,535500,179500
2911,537500,179500
2912,539500,179500
2913,539500,179500
2914,541500,179500
2915,541500,179500
2916,543500,179500
2917,543500,179500
2918,545500,179500
2919,547500,179500
2920,547500,179500
2921,549500,179500
2922,551500,179500
2923,551500,179500
2924,553500,179500
2925,553500,179500
2926,555500,179500
2927,557500,179500
2928,505500,178500
2929,505500,178500
2930,507500,178500
2931,509500,177500
2932,511500,177500
2933,513500,177500
2934,515500,177500
2935,517500,177500
2936,517500,177500
2937,519500,177500
2938,519500,177500
2939,521500,177500
2940,521500,177500
2941,523500,177500
2942,523500,177500
2943,525500,177500
2944,525500,177500
2945,527500,177500
2946,527500,177500
2947,529500,177500
2948,529500,177500
2949,529500,177500
2950,531500,177500
2951,531500,177500
2952,533500,177500
2953,535500,177500
2954,535500,177500
2955,537500,177500
2956,537500,177500
2957,539500,177500
2958,541500,177500
2959,543500,177500
2960,545500,177500
2961,545500,177500
2962,547500,177500
2963,547500,177500
2964,549500,177500
2965,551500,177500
2966,553500,177500
2967,553500,177500
2968,504500,176500
2969,504500,176500
2970,506500,176500
2971,508500,175500
2972,510500,175500
2973,510500,175500
2974,512500,175500
2975,514500,175500
2976,516500,175500
2977,516500,175500
2978,518500,175500
2979,520500,175500
2980,522500,175500
2981,522500,175500
2982,524500,175500
2983,524500,175500
2984,526500,175500
2985,526500,175500
2986,528500,175500
2987,528500,175500
2988,530500,175500
2989,532500,175500
2990,532500,175500
2991,534500,175500
2992,536500,175500
2993,538500,175500
2994,540500,175500
2995,542500,175500
2996,544500,175500
2997,544500,175500
2998,546500,175500
2999,548500,175500
3000,550500,175500
3001,552500,175500
3002,504500,174500
3003,504500,174500
3004,506500,174500
3005,506500,174500
3006,508500,173500
3007,508500,173500
3008,510500,173500
3009,512500,173500
3010,512500,173500
3011,514500,173500
3012,516500,173500
3013,518500,173500
3014,520500,173500
3015,522500,173500
3016,522500,173500
3017,524500,173500
3018,526500,173500
3019,528500,173500
3020,528500,173500
3021,530500,173500
3022,532500,173500
3023,532500,173500
3024,534500,173500
3025,534500,173500
3026,536500,173500
3027,538500,173500
3028,540500,173500
3029,540500,173500
3030,540500,173500
3031,542500,173500
3032,542500,173500
3033,544500,173500
3034,544500,173500
3035,546500,173500
3036,548500,173500
3037,550500,173500
3038,550500,173500
3039,552500,173500
3040,508500,171500
3041,508500,171500
3042,510500,171500
3043,510500,171500
3044,512500,171500
3045,512500,171500
3046,514500,171500
3047,516500,171500
3048,518500,171500
3049,518500,171500
3050,520500,171500
3051,520500,171500
3052,522500,171500
3053,522500,171500
3054,524500,171500
3055,526500,171500
3056,526500,171500
3057,528500,171500
3058,530500,171500
3059,532500,171500
3060,532500,171500
3061,532500,171500
3062,534500,171500
3063,534500,171500
3064,534500,171500
3065,536500,171500
3066,536500,171500
3067,538500,171500
3068,540500,171500
3069,540500,171500
3070,542500,171500
3071,542500,171500
3072,544500,171500
3073,544500,171500
3074,546500,171500
3075,548500,171500
3076,550500,171500
3077,552500,171500
3078,512500,169500
3079,512500,169500
3080,514500,169500
3081,514500,169500
3082,516500,169500
3083,518500,169500
3084,520500,169500
3085,522500,169500
3086,522500,169500
3087,524500,169500
3088,526500,169500
3089,528500,169500
3090,528500,169500
3091,530500,169500
3092,530500,169500
3093,530500,169500
3094,532500,169500
3095,534500,169500
3096,534500,169500
3097,536500,169500
3098,538500,169500
3099,540500,169500
3100,542500,169500
3101,544500,169500
3102,546500,169500
3103,548500,169500
3104,550500,169500
3105,550500,169500
3106,552500,169500
3107,512500,167500
3108,514500,167500
3109,516500,167500
3110,516500,167500
3111,518500,167500
3112,520500,167500
3113,522500,167500
3114,522500,167500
3115,522500,167500
3116,524500,167500
3117,526500,167500
3118,526500,167500
3119,528500,167500
3120,528500,167500
3121,530500,167500
3122,530500,167500
3123,530500,167500
3124,532500,167500
3125,534500,167500
3126,536500,167500
3127,536500,167500
3128,538500,167500
3129,540500,167500
3130,542500,167500
3131,544500,167500
3132,546500,167500
3133,548500,167500
3134,550500,167500
3135,517500,165500
3136,517500,165500
3137,519500,165500
3138,521500,165500
3139,521500,165500
3140,523500,165500
3141,525500,165500
3142,527500,165500
3143,529500,165500
3144,531500,165500
3145,533500,165500
3146,535500,165500
3147,537500,165500
3148,537500,165500
3149,539500,165500
3150,541500,165500
3151,543500,165500
3152,545500,165500
3153,547500,165500
3154,549500,165500
3155,549500,165500
3156,517500,163500
3157,517500,163500
3158,519500,163500
3159,519500,163500
3160,521500,163500
3161,523500,163500
3162,523500,163500
3163,525500,163500
3164,527500,163500
3165,529500,163500
3166,531500,163500
3167,531500,163500
3168,533500,163500
3169,535500,163500
3170,537500,163500
3171,539500,163500
3172,539500,163500
3173,541500,163500
3174,543500,163500
3175,545500,163500
3176,547500,163500
3177,549500,163500
3178,549500,163500
3179,517500,161500
3180,519500,161500
3181,521500,161500
3182,523500,161500
3183,523500,161500
3184,525500,161500
3185,525500,161500
3186,527500,161500
3187,527500,161500
3188,529500,161500
3189,529500,161500
3190,531500,161500
3191,533500,161500
3192,535500,161500
3193,535500,161500
3194,537500,161500
3195,537500,161500
3196,539500,161500
3197,539500,161500
3198,539500,161500
3199,541500,161500
3200,543500,161500
3201,545500,161500
3202,547500,161500
3203,547500,161500
3204,549500,161500
3205,517500,159500
3206,519500,159500
3207,521500,159500
3208,523500,159500
3209,525500,159500
3210,527500,159500
3211,529500,159500
3212,529500,159500
3213,531500,159500
3214,533500,159500
3215,533500,159500
3216,535500,159500
3217,535500,159500
3218,537500,159500
3219,539500,159500
3220,539500,159500
3221,541500,159500
3222,543500,159500
3223,545500,159500
3224,545500,159500
3225,547500,159500
3226,549500,159500
3227,529500,157500
3228,529500,157500
3229,531500,157500
3230,533500,157500
3231,533500,157500
3232,535500,157500
3233,537500,157500
3234,539500,157500
3235,541500,157500
3236,541500,157500
3237,543500,157500
3238,545500,157500
3239,545500,157500
3240,547500,157500
3241,549500,157500
3242,529500,155500
3243,531500,155500
3244,531500,155500
3245,533500,155500
3246,535500,155500
3247,537500,155500
3248,539500,155500
3249,555500,192500
3250,508500,181500
3251,554500,180500
3252,554500,180500
3253,507500,177500
3254,553500,176500
3255,553500,176500
3256,553500,174500
3257,553500,174500
3258,553500,172500
3259,553500,170500
3260,529500,182500
3261,531500,182500
3262,533500,182500
3263,533500,182500
3264,528500,180500
3265,528500,180500
3266,530500,180500
3267,530500,180500
3268,532500,180500
3269,530500,178500
3270,530500,178500
3271,532500,178500
3272,532500,178500
3273,532500,182500
3274,533500,180500
3275,533500,180500
3276,531500,178500
3277,531500,178500
3278,531500,183500
3279,531500,183500
3280,531500,181500
3281,530500,181500
3282,532500,181500
3283,529500,182500
3284,529500,182500
3285,531500,182500
3286,531500,182500
3287,533500,182500
3288,533500,182500
3289,530500,180500
3290,532500,180500
3291,530500,178500
3292,530500,178500
3293,527500,180500
3294,527500,180500
3295,531500,178500
3296,531500,178500
3297,533500,182500
3298,533500,182500
3299,528500,182500
3300,528500,182500
3301,530500,182500
3302,530500,182500
3303,532500,182500
3304,532500,182500
3305,529500,180500
3306,531500,180500
3307,531500,180500
3308,533500,180500
3309,533500,180500
3310,529500,178500
3311,529500,178500
3312,530500,179500
3313,533500,179500
3314,533500,179500
3315,528500,182500
3316,528500,182500
3317,530500,182500
3318,530500,182500
3319,532500,182500
3320,532500,182500
3321,529500,180500
3322,531500,180500
3323,533500,180500
3324,533500,180500
3325,527500,181500
3326,527500,181500
3327,531500,181500
3328,533500,181500
3329,533500,181500
3330,528500,179500
3331,528500,179500
3332,530500,179500
3333,531500,180500
3334,529500,181500
3335,531500,181500
3336,533500,181500
3337,533500,181500
3338,532500,179500
3339,532500,179500
3340,530500,183500
3341,530500,183500
3342,528500,181500
3343,528500,181500
3344,530500,181500
3345,529500,179500
3346,529500,179500
3347,531500,179500
3348,529500,181500
3349,531500,181500
3350,533500,181500
3351,531500,179500
3352,531500,179500
3353,530500,181500
3354,532500,181500
3355,532500,181500
