GRID Exact Cut ID,Easting,Northing,Borough
1,510500,203500,Non GLA
2,511500,203500,Non GLA
3,512500,203500,Non GLA
4,515500,203500,Non GLA
5,516500,203500,Non GLA
6,517500,203500,Non GLA
7,518500,203500,Non GLA
8,519500,203500,Non GLA
9,508500,202500,Non GLA
10,509500,202500,Non GLA
11,510500,202500,Non GLA
12,511500,202500,Non GLA
13,512500,202500,Non GLA
14,513500,202500,Non GLA
15,514500,202500,Non GLA
16,515500,202500,Non GLA
17,516500,202500,Non GLA
18,517500,202500,Non GLA
19,518500,202500,Non GLA
20,519500,202500,Non GLA
21,520500,202500,Non GLA
22,507500,201500,Non GLA
23,508500,201500,Non GLA
24,509500,201500,Non GLA
25,510500,201500,Non GLA
26,511500,201500,Non GLA
27,512500,201500,Non GLA
28,513500,201500,Non GLA
29,514500,201500,Non GLA
30,515500,201500,Non GLA
31,516500,201500,Non GLA
32,517500,201500,Non GLA
33,518500,201500,Non GLA
34,519500,201500,Non GLA
35,520500,201500,Non GLA
36,521500,201500,Non GLA
37,543500,201500,Non GLA
38,544500,201500,Non GLA
39,545500,201500,Non GLA
40,507500,200500,Non GLA
41,508500,200500,Non GLA
42,509500,200500,Non GLA
43,510500,200500,Non GLA
44,511500,200500,Non GLA
45,512500,200500,Non GLA
46,513500,200500,Non GLA
47,514500,200500,Non GLA
48,515500,200500,Non GLA
49,516500,200500,Non GLA
50,517500,200500,Non GLA
51,518500,200500,Non GLA
52,519500,200500,Non GLA
53,520500,200500,Non GLA
54,521500,200500,Non GLA
55,522500,200500,Non GLA
56,523500,200500,Non GLA
57,524500,200500,Non GLA
58,538500,200500,Non GLA
59,539500,200500,Non GLA
60,540500,200500,Non GLA
61,541500,200500,Non GLA
62,542500,200500,Non GLA
63,543500,200500,Non GLA
64,544500,200500,Non GLA
65,545500,200500,Non GLA
66,546500,200500,Non GLA
67,547500,200500,Non GLA
68,506500,199500,Non GLA
69,507500,199500,Non GLA
70,508500,199500,Non GLA
71,509500,199500,Non GLA
72,510500,199500,Non GLA
73,511500,199500,Non GLA
74,512500,199500,Non GLA
75,513500,199500,Non GLA
76,514500,199500,Non GLA
77,515500,199500,Non GLA
78,516500,199500,Non GLA
79,517500,199500,Non GLA
80,518500,199500,Non GLA
81,519500,199500,Non GLA
82,520500,199500,Non GLA
83,521500,199500,Non GLA
84,522500,199500,Non GLA
85,523500,199500,Non GLA
86,524500,199500,Non GLA
87,538500,199500,Non GLA
88,539500,199500,Non GLA
89,540500,199500,Non GLA
90,541500,199500,Non GLA
91,542500,199500,Non GLA
92,543500,199500,Non GLA
93,544500,199500,Non GLA
94,545500,199500,Non GLA
95,546500,199500,Non GLA
96,547500,199500,Non GLA
97,548500,199500,Non GLA
98,504500,198500,Non GLA
99,505500,198500,Non GLA
100,506500,198500,Non GLA
101,507500,198500,Non GLA
102,508500,198500,Non GLA
103,509500,198500,Non GLA
104,510500,198500,Non GLA
105,511500,198500,Non GLA
106,512500,198500,Non GLA
107,513500,198500,Non GLA
108,514500,198500,Non GLA
109,515500,198500,Non GLA
110,516500,198500,Non GLA
111,538500,198500,Non GLA
112,539500,198500,Non GLA
113,540500,198500,Non GLA
114,541500,198500,Non GLA
115,542500,198500,Non GLA
116,543500,198500,Non GLA
117,544500,198500,Non GLA
118,545500,198500,Non GLA
119,546500,198500,Non GLA
120,547500,198500,Non GLA
121,548500,198500,Non GLA
122,549500,198500,Non GLA
123,550500,198500,Non GLA
124,504500,197500,Non GLA
125,505500,197500,Non GLA
126,506500,197500,Non GLA
127,507500,197500,Non GLA
128,508500,197500,Non GLA
129,509500,197500,Non GLA
130,510500,197500,Non GLA
131,511500,197500,Non GLA
132,512500,197500,Non GLA
133,513500,197500,Non GLA
134,514500,197500,Non GLA
135,515500,197500,Non GLA
136,516500,197500,Non GLA
137,538500,197500,Non GLA
138,539500,197500,Non GLA
139,540500,197500,Non GLA
140,541500,197500,Non GLA
141,542500,197500,Non GLA
142,543500,197500,Non GLA
143,544500,197500,Non GLA
144,545500,197500,Non GLA
145,546500,197500,Non GLA
146,547500,197500,Non GLA
147,548500,197500,Non GLA
148,549500,197500,Non GLA
149,550500,197500,Non GLA
150,551500,197500,Non GLA
151,552500,197500,Non GLA
152,503500,196500,Non GLA
153,504500,196500,Non GLA
154,505500,196500,Non GLA
155,506500,196500,Non GLA
156,507500,196500,Non GLA
157,508500,196500,Non GLA
158,509500,196500,Non GLA
159,510500,196500,Non GLA
160,511500,196500,Non GLA
161,512500,196500,Non GLA
162,513500,196500,Non GLA
163,514500,196500,Non GLA
164,515500,196500,Non GLA
165,516500,196500,Non GLA
166,541500,196500,Non GLA
167,542500,196500,Non GLA
168,543500,196500,Non GLA
169,544500,196500,Non GLA
170,545500,196500,Non GLA
171,546500,196500,Non GLA
172,547500,196500,Non GLA
173,548500,196500,Non GLA
174,549500,196500,Non GLA
175,550500,196500,Non GLA
176,551500,196500,Non GLA
177,552500,196500,Non GLA
178,553500,196500,Non GLA
179,503500,195500,Non GLA
180,504500,195500,Non GLA
181,505500,195500,Non GLA
182,506500,195500,Non GLA
183,507500,195500,Non GLA
184,508500,195500,Non GLA
185,509500,195500,Non GLA
186,510500,195500,Non GLA
187,511500,195500,Non GLA
188,512500,195500,Non GLA
189,513500,195500,Non GLA
190,514500,195500,Non GLA
191,515500,195500,Non GLA
192,516500,195500,Non GLA
193,541500,195500,Non GLA
194,542500,195500,Non GLA
195,543500,195500,Non GLA
196,544500,195500,Non GLA
197,545500,195500,Non GLA
198,546500,195500,Non GLA
199,547500,195500,Non GLA
200,548500,195500,Non GLA
201,549500,195500,Non GLA
202,550500,195500,Non GLA
203,551500,195500,Non GLA
204,552500,195500,Non GLA
205,553500,195500,Non GLA
206,554500,195500,Non GLA
207,502500,194500,Non GLA
208,503500,194500,Non GLA
209,504500,194500,Non GLA
210,505500,194500,Non GLA
211,506500,194500,Non GLA
212,507500,194500,Non GLA
213,508500,194500,Non GLA
214,509500,194500,Non GLA
215,502500,193500,Non GLA
216,502500,192500,Non GLA
217,502500,191500,Non GLA
218,501500,190500,Non GLA
219,502500,190500,Non GLA
220,501500,189500,Non GLA
221,502500,189500,Non GLA
222,501500,188500,Non GLA
223,502500,188500,Non GLA
224,501500,187500,Non GLA
225,502500,187500,Non GLA
226,501500,186500,Non GLA
227,502500,186500,Non GLA
228,501500,185500,Non GLA
229,502500,185500,Non GLA
230,502500,184500,Non GLA
231,555500,177500,Non GLA
232,556500,177500,Non GLA
233,557500,177500,Non GLA
234,555500,176500,Non GLA
235,556500,176500,Non GLA
236,557500,176500,Non GLA
237,555500,175500,Non GLA
238,556500,175500,Non GLA
239,502500,174500,Non GLA
240,555500,174500,Non GLA
241,556500,174500,Non GLA
242,502500,173500,Non GLA
243,555500,173500,Non GLA
244,501500,172500,Non GLA
245,502500,172500,Non GLA
246,503500,172500,Non GLA
247,504500,172500,Non GLA
248,505500,172500,Non GLA
249,506500,172500,Non GLA
250,555500,172500,Non GLA
251,501500,171500,Non GLA
252,502500,171500,Non GLA
253,503500,171500,Non GLA
254,504500,171500,Non GLA
255,505500,171500,Non GLA
256,506500,171500,Non GLA
257,555500,171500,Non GLA
258,501500,170500,Non GLA
259,502500,170500,Non GLA
260,503500,170500,Non GLA
261,504500,170500,Non GLA
262,505500,170500,Non GLA
263,506500,170500,Non GLA
264,501500,169500,Non GLA
265,502500,169500,Non GLA
266,503500,169500,Non GLA
267,504500,169500,Non GLA
268,505500,169500,Non GLA
269,506500,169500,Non GLA
270,507500,169500,Non GLA
271,508500,169500,Non GLA
272,509500,169500,Non GLA
273,510500,169500,Non GLA
274,501500,168500,Non GLA
275,502500,168500,Non GLA
276,503500,168500,Non GLA
277,504500,168500,Non GLA
278,505500,168500,Non GLA
279,506500,168500,Non GLA
280,507500,168500,Non GLA
281,508500,168500,Non GLA
282,509500,168500,Non GLA
283,510500,168500,Non GLA
284,551500,168500,Non GLA
285,552500,168500,Non GLA
286,553500,168500,Non GLA
287,501500,167500,Non GLA
288,502500,167500,Non GLA
289,503500,167500,Non GLA
290,504500,167500,Non GLA
291,505500,167500,Non GLA
292,506500,167500,Non GLA
293,507500,167500,Non GLA
294,508500,167500,Non GLA
295,509500,167500,Non GLA
296,510500,167500,Non GLA
297,551500,167500,Non GLA
298,552500,167500,Non GLA
299,553500,167500,Non GLA
300,502500,166500,Non GLA
301,503500,166500,Non GLA
302,504500,166500,Non GLA
303,505500,166500,Non GLA
304,506500,166500,Non GLA
305,507500,166500,Non GLA
306,508500,166500,Non GLA
307,509500,166500,Non GLA
308,510500,166500,Non GLA
309,511500,166500,Non GLA
310,512500,166500,Non GLA
311,513500,166500,Non GLA
312,514500,166500,Non GLA
313,515500,166500,Non GLA
314,551500,166500,Non GLA
315,552500,166500,Non GLA
316,503500,165500,Non GLA
317,504500,165500,Non GLA
318,505500,165500,Non GLA
319,506500,165500,Non GLA
320,507500,165500,Non GLA
321,508500,165500,Non GLA
322,509500,165500,Non GLA
323,510500,165500,Non GLA
324,511500,165500,Non GLA
325,512500,165500,Non GLA
326,513500,165500,Non GLA
327,514500,165500,Non GLA
328,515500,165500,Non GLA
329,551500,165500,Non GLA
330,503500,164500,Non GLA
331,504500,164500,Non GLA
332,505500,164500,Non GLA
333,506500,164500,Non GLA
334,507500,164500,Non GLA
335,508500,164500,Non GLA
336,509500,164500,Non GLA
337,510500,164500,Non GLA
338,511500,164500,Non GLA
339,512500,164500,Non GLA
340,513500,164500,Non GLA
341,514500,164500,Non GLA
342,515500,164500,Non GLA
343,551500,164500,Non GLA
344,504500,163500,Non GLA
345,505500,163500,Non GLA
346,506500,163500,Non GLA
347,507500,163500,Non GLA
348,508500,163500,Non GLA
349,509500,163500,Non GLA
350,510500,163500,Non GLA
351,511500,163500,Non GLA
352,512500,163500,Non GLA
353,513500,163500,Non GLA
354,514500,163500,Non GLA
355,515500,163500,Non GLA
356,504500,162500,Non GLA
357,505500,162500,Non GLA
358,506500,162500,Non GLA
359,507500,162500,Non GLA
360,508500,162500,Non GLA
361,509500,162500,Non GLA
362,510500,162500,Non GLA
363,511500,162500,Non GLA
364,512500,162500,Non GLA
365,513500,162500,Non GLA
366,514500,162500,Non GLA
367,515500,162500,Non GLA
368,505500,161500,Non GLA
369,506500,161500,Non GLA
370,507500,161500,Non GLA
371,508500,161500,Non GLA
372,509500,161500,Non GLA
373,510500,161500,Non GLA
374,511500,161500,Non GLA
375,512500,161500,Non GLA
376,513500,161500,Non GLA
377,514500,161500,Non GLA
378,515500,161500,Non GLA
379,505500,160500,Non GLA
380,506500,160500,Non GLA
381,507500,160500,Non GLA
382,508500,160500,Non GLA
383,509500,160500,Non GLA
384,510500,160500,Non GLA
385,511500,160500,Non GLA
386,512500,160500,Non GLA
387,513500,160500,Non GLA
388,514500,160500,Non GLA
389,515500,160500,Non GLA
390,506500,159500,Non GLA
391,507500,159500,Non GLA
392,508500,159500,Non GLA
393,509500,159500,Non GLA
394,510500,159500,Non GLA
395,511500,159500,Non GLA
396,512500,159500,Non GLA
397,513500,159500,Non GLA
398,514500,159500,Non GLA
399,515500,159500,Non GLA
400,508500,158500,Non GLA
401,509500,158500,Non GLA
402,510500,158500,Non GLA
403,511500,158500,Non GLA
404,512500,158500,Non GLA
405,513500,158500,Non GLA
406,514500,158500,Non GLA
407,515500,158500,Non GLA
408,516500,158500,Non GLA
409,517500,158500,Non GLA
410,518500,158500,Non GLA
411,519500,158500,Non GLA
412,520500,158500,Non GLA
413,521500,158500,Non GLA
414,522500,158500,Non GLA
415,523500,158500,Non GLA
416,524500,158500,Non GLA
417,525500,158500,Non GLA
418,526500,158500,Non GLA
419,527500,158500,Non GLA
420,510500,157500,Non GLA
421,511500,157500,Non GLA
422,512500,157500,Non GLA
423,513500,157500,Non GLA
424,516500,157500,Non GLA
425,517500,157500,Non GLA
426,518500,157500,Non GLA
427,519500,157500,Non GLA
428,520500,157500,Non GLA
429,521500,157500,Non GLA
430,522500,157500,Non GLA
431,523500,157500,Non GLA
432,524500,157500,Non GLA
433,525500,157500,Non GLA
434,526500,157500,Non GLA
435,527500,157500,Non GLA
436,517500,156500,Non GLA
437,518500,156500,Non GLA
438,519500,156500,Non GLA
439,520500,156500,Non GLA
440,521500,156500,Non GLA
441,522500,156500,Non GLA
442,523500,156500,Non GLA
443,524500,156500,Non GLA
444,525500,156500,Non GLA
445,526500,156500,Non GLA
446,527500,156500,Non GLA
447,517500,155500,Non GLA
448,518500,155500,Non GLA
449,519500,155500,Non GLA
450,520500,155500,Non GLA
451,521500,155500,Non GLA
452,522500,155500,Non GLA
453,523500,155500,Non GLA
454,524500,155500,Non GLA
455,525500,155500,Non GLA
456,526500,155500,Non GLA
457,527500,155500,Non GLA
458,540500,155500,Non GLA
459,541500,155500,Non GLA
460,542500,155500,Non GLA
461,543500,155500,Non GLA
462,544500,155500,Non GLA
463,545500,155500,Non GLA
464,546500,155500,Non GLA
465,547500,155500,Non GLA
466,521500,154500,Non GLA
467,522500,154500,Non GLA
468,523500,154500,Non GLA
469,524500,154500,Non GLA
470,525500,154500,Non GLA
471,526500,154500,Non GLA
472,527500,154500,Non GLA
473,528500,154500,Non GLA
474,529500,154500,Non GLA
475,530500,154500,Non GLA
476,531500,154500,Non GLA
477,532500,154500,Non GLA
478,533500,154500,Non GLA
479,534500,154500,Non GLA
480,535500,154500,Non GLA
481,536500,154500,Non GLA
482,537500,154500,Non GLA
483,538500,154500,Non GLA
484,539500,154500,Non GLA
485,540500,154500,Non GLA
486,541500,154500,Non GLA
487,542500,154500,Non GLA
488,543500,154500,Non GLA
489,544500,154500,Non GLA
490,522500,153500,Non GLA
491,523500,153500,Non GLA
492,524500,153500,Non GLA
493,525500,153500,Non GLA
494,526500,153500,Non GLA
495,527500,153500,Non GLA
496,528500,153500,Non GLA
497,529500,153500,Non GLA
498,530500,153500,Non GLA
499,531500,153500,Non GLA
500,532500,153500,Non GLA
501,533500,153500,Non GLA
502,534500,153500,Non GLA
503,535500,153500,Non GLA
504,536500,153500,Non GLA
505,537500,153500,Non GLA
506,538500,153500,Non GLA
507,539500,153500,Non GLA
508,540500,153500,Non GLA
509,524500,152500,Non GLA
510,525500,152500,Non GLA
511,526500,152500,Non GLA
512,527500,152500,Non GLA
513,530500,152500,Non GLA
514,531500,152500,Non GLA
515,532500,152500,Non GLA
516,533500,152500,Non GLA
517,534500,152500,Non GLA
518,535500,152500,Non GLA
519,536500,152500,Non GLA
520,525500,200500,Non GLA
521,527500,200500,Non GLA
522,527500,200500,Enfield
523,529500,200500,Non GLA
524,529500,200500,Enfield
525,531500,200500,Non GLA
526,531500,200500,Enfield
527,533500,200500,Non GLA
528,533500,200500,Enfield
529,535500,200500,Non GLA
530,535500,200500,Enfield
531,537500,200500,Non GLA
532,517500,198500,Non GLA
533,519500,198500,Non GLA
534,521500,198500,Non GLA
535,523500,198500,Non GLA
536,523500,198500,Barnet
537,525500,198500,Non GLA
538,525500,198500,Barnet
539,525500,198500,Enfield
540,527500,198500,Enfield
541,529500,198500,Enfield
542,531500,198500,Enfield
543,533500,198500,Enfield
544,535500,198500,Enfield
545,537500,198500,Non GLA
546,537500,198500,Enfield
547,517500,196500,Non GLA
548,519500,196500,Non GLA
549,521500,196500,Non GLA
550,521500,196500,Barnet
551,523500,196500,Barnet
552,525500,196500,Barnet
553,527500,196500,Barnet
554,527500,196500,Enfield
555,529500,196500,Enfield
556,531500,196500,Enfield
557,533500,196500,Enfield
558,535500,196500,Enfield
559,537500,196500,Non GLA
560,537500,196500,Waltham Forest
561,537500,196500,Enfield
562,539500,196500,Non GLA
563,510500,194500,Non GLA
564,512500,194500,Non GLA
565,514500,194500,Non GLA
566,516500,194500,Non GLA
567,516500,194500,Harrow
568,518500,194500,Non GLA
569,518500,194500,Barnet
570,520500,194500,Barnet
571,522500,194500,Barnet
572,524500,194500,Barnet
573,526500,194500,Barnet
574,528500,194500,Enfield
575,528500,194500,Barnet
576,530500,194500,Enfield
577,532500,194500,Enfield
578,534500,194500,Enfield
579,536500,194500,Enfield
580,538500,194500,Waltham Forest
581,540500,194500,Non GLA
582,540500,194500,Redbridge
583,540500,194500,Waltham Forest
584,542500,194500,Non GLA
585,544500,194500,Non GLA
586,546500,194500,Non GLA
587,548500,194500,Non GLA
588,550500,194500,Non GLA
589,552500,194500,Non GLA
590,552500,194500,Havering
591,554500,194500,Non GLA
592,554500,194500,Havering
593,503500,193500,Non GLA
594,503500,193500,Hillingdon
595,505500,193500,Non GLA
596,507500,193500,Non GLA
597,556500,193500,Non GLA
598,556500,193500,Havering
599,509500,192500,Non GLA
600,509500,192500,Hillingdon
601,511500,192500,Non GLA
602,511500,192500,Harrow
603,513500,192500,Non GLA
604,513500,192500,Harrow
605,515500,192500,Harrow
606,517500,192500,Harrow
607,519500,192500,Barnet
608,521500,192500,Barnet
609,523500,192500,Barnet
610,525500,192500,Barnet
611,527500,192500,Barnet
612,529500,192500,Barnet
613,529500,192500,Enfield
614,531500,192500,Enfield
615,533500,192500,Enfield
616,535500,192500,Enfield
617,537500,192500,Waltham Forest
618,539500,192500,Waltham Forest
619,539500,192500,Redbridge
620,541500,192500,Non GLA
621,541500,192500,Redbridge
622,543500,192500,Non GLA
623,545500,192500,Non GLA
624,545500,192500,Redbridge
625,547500,192500,Non GLA
626,547500,192500,Redbridge
627,549500,192500,Havering
628,551500,192500,Havering
629,553500,192500,Havering
630,503500,191500,Non GLA
631,505500,191500,Hillingdon
632,507500,191500,Non GLA
633,507500,191500,Hillingdon
634,555500,191500,Havering
635,557500,191500,Non GLA
636,557500,191500,Havering
637,509500,190500,Hillingdon
638,511500,190500,Harrow
639,513500,190500,Harrow
640,515500,190500,Harrow
641,517500,190500,Harrow
642,519500,190500,Harrow
643,519500,190500,Barnet
644,519500,190500,Brent
645,521500,190500,Barnet
646,523500,190500,Barnet
647,525500,190500,Barnet
648,527500,190500,Haringey
649,527500,190500,Barnet
650,529500,190500,Haringey
651,531500,190500,Haringey
652,533500,190500,Haringey
653,535500,190500,Haringey
654,535500,190500,Waltham Forest
655,537500,190500,Waltham Forest
656,539500,190500,Redbridge
657,539500,190500,Waltham Forest
658,541500,190500,Redbridge
659,543500,190500,Redbridge
660,545500,190500,Redbridge
661,547500,190500,Redbridge
662,547500,190500,Barking and Dagenham
663,549500,190500,Barking and Dagenham
664,549500,190500,Havering
665,551500,190500,Havering
666,553500,190500,Havering
667,503500,189500,Non GLA
668,503500,189500,Hillingdon
669,505500,189500,Hillingdon
670,507500,189500,Hillingdon
671,555500,189500,Havering
672,557500,189500,Non GLA
673,557500,189500,Havering
674,559500,189500,Non GLA
675,509500,188500,Hillingdon
676,511500,188500,Hillingdon
677,511500,188500,Harrow
678,513500,188500,Harrow
679,515500,188500,Harrow
680,517500,188500,Harrow
681,517500,188500,Brent
682,519500,188500,Harrow
683,519500,188500,Brent
684,521500,188500,Barnet
685,521500,188500,Brent
686,523500,188500,Barnet
687,525500,188500,Barnet
688,527500,188500,Barnet
689,527500,188500,Haringey
690,529500,188500,Haringey
691,531500,188500,Haringey
692,533500,188500,Hackney
693,533500,188500,Haringey
694,535500,188500,Waltham Forest
695,537500,188500,Waltham Forest
696,539500,188500,Redbridge
697,539500,188500,Waltham Forest
698,541500,188500,Redbridge
699,543500,188500,Redbridge
700,545500,188500,Redbridge
701,547500,188500,Redbridge
702,547500,188500,Barking and Dagenham
703,549500,188500,Havering
704,549500,188500,Barking and Dagenham
705,551500,188500,Havering
706,553500,188500,Havering
707,503500,187500,Non GLA
708,505500,187500,Non GLA
709,505500,187500,Hillingdon
710,507500,187500,Hillingdon
711,555500,187500,Havering
712,557500,187500,Havering
713,559500,187500,Non GLA
714,559500,187500,Havering
715,509500,186500,Hillingdon
716,511500,186500,Hillingdon
717,511500,186500,Harrow
718,513500,186500,Harrow
719,515500,186500,Brent
720,515500,186500,Harrow
721,517500,186500,Brent
722,519500,186500,Brent
723,521500,186500,Barnet
724,521500,186500,Brent
725,523500,186500,Barnet
726,523500,186500,Brent
727,525500,186500,Camden
728,525500,186500,Barnet
729,527500,186500,Camden
730,529500,186500,Camden
731,529500,186500,Islington
732,531500,186500,Hackney
733,531500,186500,Haringey
734,531500,186500,Islington
735,533500,186500,Hackney
736,535500,186500,Hackney
737,535500,186500,Waltham Forest
738,537500,186500,Waltham Forest
739,537500,186500,Hackney
740,539500,186500,Waltham Forest
741,539500,186500,Redbridge
742,541500,186500,Newham
743,541500,186500,Redbridge
744,543500,186500,Redbridge
745,543500,186500,Newham
746,545500,186500,Redbridge
747,547500,186500,Redbridge
748,547500,186500,Barking and Dagenham
749,549500,186500,Havering
750,549500,186500,Barking and Dagenham
751,551500,186500,Havering
752,551500,186500,Barking and Dagenham
753,553500,186500,Havering
754,561500,186500,Non GLA
755,561500,186500,Havering
756,503500,185500,Non GLA
757,505500,185500,Non GLA
758,505500,185500,Hillingdon
759,507500,185500,Hillingdon
760,555500,185500,Havering
761,557500,185500,Havering
762,559500,185500,Havering
763,509500,184500,Hillingdon
764,511500,184500,Hillingdon
765,511500,184500,Ealing
766,513500,184500,Ealing
767,515500,184500,Ealing
768,517500,184500,Ealing
769,517500,184500,Brent
770,519500,184500,Brent
771,521500,184500,Brent
772,523500,184500,Brent
773,525500,184500,Brent
774,525500,184500,Camden
775,527500,184500,Camden
776,529500,184500,Camden
777,529500,184500,Islington
778,531500,184500,Islington
779,533500,184500,Hackney
780,533500,184500,Islington
781,535500,184500,Hackney
782,537500,184500,Newham
783,537500,184500,Tower Hamlets
784,537500,184500,Hackney
785,539500,184500,Newham
786,541500,184500,Newham
787,543500,184500,Barking and Dagenham
788,543500,184500,Redbridge
789,543500,184500,Newham
790,545500,184500,Barking and Dagenham
791,547500,184500,Barking and Dagenham
792,549500,184500,Barking and Dagenham
793,551500,184500,Barking and Dagenham
794,551500,184500,Havering
795,553500,184500,Havering
796,503500,183500,Non GLA
797,505500,183500,Hillingdon
798,507500,183500,Hillingdon
799,555500,183500,Non GLA
800,555500,183500,Havering
801,557500,183500,Non GLA
802,557500,183500,Havering
803,509500,182500,Hillingdon
804,511500,182500,Hillingdon
805,511500,182500,Ealing
806,513500,182500,Ealing
807,515500,182500,Ealing
808,517500,182500,Ealing
809,517500,182500,Brent
810,519500,182500,Brent
811,519500,182500,Ealing
812,521500,182500,Hammersmith and Fulham
813,521500,182500,Ealing
814,521500,182500,Brent
815,523500,182500,City of Westminster
816,523500,182500,Hammersmith and Fulham
817,523500,182500,Kensington and Chelsea
818,523500,182500,Brent
819,525500,182500,City of Westminster
820,525500,182500,Brent
821,527500,182500,City of Westminster
822,535500,182500,Tower Hamlets
823,537500,182500,Tower Hamlets
824,539500,182500,Newham
825,541500,182500,Newham
826,543500,182500,Newham
827,545500,182500,Barking and Dagenham
828,545500,182500,Newham
829,547500,182500,Barking and Dagenham
830,549500,182500,Havering
831,549500,182500,Barking and Dagenham
832,551500,182500,Havering
833,553500,182500,Havering
834,504500,181500,Non GLA
835,504500,181500,Hillingdon
836,506500,181500,Hillingdon
837,555500,181500,Non GLA
838,555500,181500,Havering
839,557500,181500,Non GLA
840,508500,180500,Hillingdon
841,510500,180500,Hillingdon
842,512500,180500,Hillingdon
843,512500,180500,Ealing
844,514500,180500,Ealing
845,516500,180500,Ealing
846,518500,180500,Ealing
847,520500,180500,Ealing
848,522500,180500,Hammersmith and Fulham
849,524500,180500,Kensington and Chelsea
850,526500,180500,City of Westminster
851,526500,180500,City of Westminster
852,534500,180500,Southwark
853,534500,180500,Tower Hamlets
854,536500,180500,Tower Hamlets
855,536500,180500,Southwark
856,538500,180500,Tower Hamlets
857,538500,180500,Greenwich
858,540500,180500,Newham
859,542500,180500,Newham
860,544500,180500,Newham
861,544500,180500,Greenwich
862,546500,180500,Greenwich
863,548500,180500,Bexley
864,550500,180500,Havering
865,550500,180500,Bexley
866,552500,180500,Havering
867,504500,179500,Non GLA
868,504500,179500,Hillingdon
869,506500,179500,Hillingdon
870,554500,179500,Non GLA
871,554500,179500,Havering
872,556500,179500,Non GLA
873,508500,178500,Hillingdon
874,510500,178500,Hillingdon
875,510500,178500,Ealing
876,510500,178500,Hounslow
877,512500,178500,Hounslow
878,512500,178500,Ealing
879,514500,178500,Hounslow
880,514500,178500,Ealing
881,516500,178500,Ealing
882,516500,178500,Hounslow
883,518500,178500,Hounslow
884,518500,178500,Ealing
885,520500,178500,Hounslow
886,520500,178500,Ealing
887,522500,178500,Richmond
888,522500,178500,Hounslow
889,522500,178500,Hammersmith and Fulham
890,524500,178500,Hammersmith and Fulham
891,524500,178500,Kensington and Chelsea
892,526500,178500,Kensington and Chelsea
893,528500,178500,Kensington and Chelsea
894,528500,178500,City of Westminster
895,534500,178500,Southwark
896,536500,178500,Tower Hamlets
897,536500,178500,Lewisham
898,536500,178500,Southwark
899,538500,178500,Greenwich
900,538500,178500,Tower Hamlets
901,540500,178500,Greenwich
902,542500,178500,Greenwich
903,544500,178500,Greenwich
904,546500,178500,Greenwich
905,548500,178500,Bexley
906,550500,178500,Bexley
907,552500,178500,Bexley
908,552500,178500,Havering
909,503500,177500,Non GLA
910,505500,177500,Hillingdon
911,554500,177500,Non GLA
912,554500,177500,Bexley
913,507500,176500,Hillingdon
914,509500,176500,Hillingdon
915,511500,176500,Hounslow
916,513500,176500,Hounslow
917,515500,176500,Hounslow
918,517500,176500,Hounslow
919,517500,176500,Richmond
920,519500,176500,Richmond
921,519500,176500,Hounslow
922,521500,176500,Hounslow
923,521500,176500,Richmond
924,523500,176500,Hammersmith and Fulham
925,523500,176500,Richmond
926,523500,176500,Wandsworth
927,525500,176500,Hammersmith and Fulham
928,527500,176500,Wandsworth
929,529500,176500,Lambeth
930,529500,176500,Wandsworth
931,531500,176500,Lambeth
932,533500,176500,Southwark
933,535500,176500,Southwark
934,535500,176500,Lewisham
935,537500,176500,Greenwich
936,537500,176500,Lewisham
937,539500,176500,Lewisham
938,539500,176500,Greenwich
939,541500,176500,Greenwich
940,543500,176500,Greenwich
941,545500,176500,Greenwich
942,545500,176500,Bexley
943,547500,176500,Bexley
944,549500,176500,Bexley
945,551500,176500,Bexley
946,503500,175500,Non GLA
947,503500,175500,Hillingdon
948,505500,175500,Hillingdon
949,553500,175500,Non GLA
950,553500,175500,Bexley
951,507500,174500,Non GLA
952,507500,174500,Hillingdon
953,507500,174500,Hounslow
954,509500,174500,Hillingdon
955,509500,174500,Hounslow
956,511500,174500,Hounslow
957,513500,174500,Richmond
958,513500,174500,Hounslow
959,515500,174500,Richmond
960,515500,174500,Hounslow
961,517500,174500,Richmond
962,519500,174500,Richmond
963,521500,174500,Richmond
964,521500,174500,Wandsworth
965,523500,174500,Wandsworth
966,525500,174500,Wandsworth
967,527500,174500,Wandsworth
968,529500,174500,Wandsworth
969,529500,174500,Lambeth
970,531500,174500,Lambeth
971,533500,174500,Southwark
972,535500,174500,Lewisham
973,535500,174500,Southwark
974,537500,174500,Lewisham
975,539500,174500,Greenwich
976,539500,174500,Lewisham
977,541500,174500,Greenwich
978,543500,174500,Greenwich
979,545500,174500,Bexley
980,545500,174500,Greenwich
981,547500,174500,Bexley
982,549500,174500,Bexley
983,551500,174500,Non GLA
984,551500,174500,Bexley
985,503500,173500,Non GLA
986,505500,173500,Non GLA
987,553500,173500,Non GLA
988,507500,172500,Non GLA
989,507500,172500,Hounslow
990,509500,172500,Hounslow
991,511500,172500,Hounslow
992,513500,172500,Hounslow
993,513500,172500,Richmond
994,515500,172500,Richmond
995,517500,172500,Richmond
996,519500,172500,Richmond
997,521500,172500,Richmond
998,521500,172500,Wandsworth
999,521500,172500,Kingston
1000,523500,172500,Wandsworth
1001,523500,172500,Merton
1002,525500,172500,Merton
1003,525500,172500,Wandsworth
1004,527500,172500,Wandsworth
1005,529500,172500,Lambeth
1006,529500,172500,Wandsworth
1007,531500,172500,Lambeth
1008,533500,172500,Southwark
1009,535500,172500,Lewisham
1010,537500,172500,Lewisham
1011,539500,172500,Lewisham
1012,541500,172500,Lewisham
1013,541500,172500,Bromley
1014,543500,172500,Greenwich
1015,545500,172500,Bromley
1016,545500,172500,Bexley
1017,547500,172500,Bexley
1018,549500,172500,Non GLA
1019,549500,172500,Bexley
1020,551500,172500,Non GLA
1021,553500,171500,Non GLA
1022,507500,170500,Non GLA
1023,509500,170500,Non GLA
1024,511500,170500,Non GLA
1025,511500,170500,Hounslow
1026,511500,170500,Richmond
1027,513500,170500,Richmond
1028,515500,170500,Richmond
1029,517500,170500,Richmond
1030,517500,170500,Kingston
1031,519500,170500,Kingston
1032,519500,170500,Richmond
1033,521500,170500,Merton
1034,521500,170500,Kingston
1035,523500,170500,Merton
1036,525500,170500,Merton
1037,527500,170500,Merton
1038,527500,170500,Wandsworth
1039,529500,170500,Wandsworth
1040,529500,170500,Merton
1041,529500,170500,Lambeth
1042,531500,170500,Lambeth
1043,531500,170500,Croydon
1044,533500,170500,Croydon
1045,533500,170500,Lambeth
1046,533500,170500,Southwark
1047,533500,170500,Bromley
1048,535500,170500,Bromley
1049,537500,170500,Lewisham
1050,537500,170500,Bromley
1051,539500,170500,Bromley
1052,539500,170500,Lewisham
1053,541500,170500,Bromley
1054,543500,170500,Bromley
1055,545500,170500,Bromley
1056,545500,170500,Bexley
1057,547500,170500,Bexley
1058,547500,170500,Bromley
1059,549500,170500,Non GLA
1060,549500,170500,Bexley
1061,549500,170500,Bromley
1062,551500,170500,Non GLA
1063,553500,169500,Non GLA
1064,511500,168500,Non GLA
1065,513500,168500,Non GLA
1066,513500,168500,Richmond
1067,515500,168500,Non GLA
1068,515500,168500,Richmond
1069,517500,168500,Richmond
1070,517500,168500,Kingston
1071,519500,168500,Kingston
1072,521500,168500,Kingston
1073,523500,168500,Merton
1074,525500,168500,Merton
1075,527500,168500,Merton
1076,529500,168500,Merton
1077,531500,168500,Croydon
1078,533500,168500,Croydon
1079,535500,168500,Croydon
1080,535500,168500,Bromley
1081,537500,168500,Bromley
1082,539500,168500,Bromley
1083,541500,168500,Bromley
1084,543500,168500,Bromley
1085,545500,168500,Bromley
1086,547500,168500,Bromley
1087,549500,168500,Non GLA
1088,549500,168500,Bromley
1089,516500,166500,Non GLA
1090,518500,166500,Kingston
1091,520500,166500,Kingston
1092,522500,166500,Non GLA
1093,522500,166500,Sutton
1094,522500,166500,Merton
1095,522500,166500,Kingston
1096,524500,166500,Sutton
1097,524500,166500,Merton
1098,526500,166500,Sutton
1099,526500,166500,Merton
1100,528500,166500,Sutton
1101,530500,166500,Croydon
1102,530500,166500,Sutton
1103,532500,166500,Croydon
1104,534500,166500,Croydon
1105,536500,166500,Croydon
1106,536500,166500,Bromley
1107,538500,166500,Bromley
1108,540500,166500,Bromley
1109,542500,166500,Bromley
1110,544500,166500,Bromley
1111,546500,166500,Bromley
1112,548500,166500,Bromley
1113,550500,166500,Non GLA
1114,516500,164500,Non GLA
1115,518500,164500,Kingston
1116,520500,164500,Non GLA
1117,520500,164500,Kingston
1118,522500,164500,Non GLA
1119,522500,164500,Sutton
1120,524500,164500,Sutton
1121,526500,164500,Sutton
1122,528500,164500,Sutton
1123,530500,164500,Sutton
1124,530500,164500,Croydon
1125,532500,164500,Croydon
1126,534500,164500,Croydon
1127,536500,164500,Croydon
1128,538500,164500,Croydon
1129,538500,164500,Bromley
1130,540500,164500,Bromley
1131,542500,164500,Bromley
1132,544500,164500,Bromley
1133,546500,164500,Bromley
1134,548500,164500,Bromley
1135,550500,164500,Non GLA
1136,516500,162500,Non GLA
1137,516500,162500,Kingston
1138,518500,162500,Non GLA
1139,518500,162500,Kingston
1140,520500,162500,Non GLA
1141,522500,162500,Non GLA
1142,524500,162500,Non GLA
1143,524500,162500,Sutton
1144,526500,162500,Sutton
1145,528500,162500,Sutton
1146,530500,162500,Croydon
1147,530500,162500,Sutton
1148,532500,162500,Croydon
1149,534500,162500,Croydon
1150,536500,162500,Croydon
1151,538500,162500,Croydon
1152,540500,162500,Bromley
1153,542500,162500,Bromley
1154,544500,162500,Bromley
1155,546500,162500,Bromley
1156,548500,162500,Non GLA
1157,548500,162500,Bromley
1158,550500,162500,Non GLA
1159,516500,160500,Non GLA
1160,516500,160500,Kingston
1161,518500,160500,Non GLA
1162,518500,160500,Kingston
1163,520500,160500,Non GLA
1164,522500,160500,Non GLA
1165,524500,160500,Non GLA
1166,524500,160500,Sutton
1167,526500,160500,Non GLA
1168,528500,160500,Non GLA
1169,528500,160500,Sutton
1170,530500,160500,Croydon
1171,532500,160500,Croydon
1172,534500,160500,Croydon
1173,536500,160500,Non GLA
1174,536500,160500,Croydon
1175,538500,160500,Non GLA
1176,538500,160500,Croydon
1177,540500,160500,Bromley
1178,542500,160500,Bromley
1179,544500,160500,Bromley
1180,546500,160500,Non GLA
1181,546500,160500,Bromley
1182,548500,160500,Non GLA
1183,550500,160500,Non GLA
1184,528500,158500,Non GLA
1185,528500,158500,Croydon
1186,530500,158500,Croydon
1187,532500,158500,Croydon
1188,534500,158500,Non GLA
1189,536500,158500,Non GLA
1190,538500,158500,Non GLA
1191,540500,158500,Non GLA
1192,540500,158500,Bromley
1193,542500,158500,Non GLA
1194,542500,158500,Bromley
1195,544500,158500,Bromley
1196,546500,158500,Non GLA
1197,548500,158500,Non GLA
1198,550500,158500,Non GLA
1199,528500,156500,Non GLA
1200,530500,156500,Non GLA
1201,530500,156500,Croydon
1202,532500,156500,Non GLA
1203,532500,156500,Croydon
1204,534500,156500,Non GLA
1205,536500,156500,Non GLA
1206,538500,156500,Non GLA
1207,540500,156500,Non GLA
1208,540500,156500,Bromley
1209,542500,156500,Non GLA
1210,542500,156500,Bromley
1211,544500,156500,Non GLA
1212,544500,156500,Bromley
1213,546500,156500,Non GLA
1214,548500,156500,Non GLA
1215,550500,156500,Non GLA
1216,526500,200500,Non GLA
1217,528500,200500,Non GLA
1218,528500,200500,Enfield
1219,530500,200500,Non GLA
1220,530500,200500,Enfield
1221,532500,200500,Non GLA
1222,532500,200500,Enfield
1223,534500,200500,Non GLA
1224,534500,200500,Enfield
1225,536500,200500,Non GLA
1226,536500,200500,Enfield
1227,518500,198500,Non GLA
1228,520500,198500,Non GLA
1229,522500,198500,Non GLA
1230,524500,198500,Non GLA
1231,524500,198500,Barnet
1232,526500,198500,Non GLA
1233,526500,198500,Enfield
1234,528500,198500,Enfield
1235,530500,198500,Enfield
1236,532500,198500,Enfield
1237,534500,198500,Enfield
1238,536500,198500,Enfield
1239,518500,196500,Non GLA
1240,520500,196500,Non GLA
1241,522500,196500,Non GLA
1242,522500,196500,Barnet
1243,524500,196500,Barnet
1244,526500,196500,Barnet
1245,528500,196500,Barnet
1246,528500,196500,Enfield
1247,530500,196500,Enfield
1248,532500,196500,Enfield
1249,534500,196500,Enfield
1250,536500,196500,Enfield
1251,538500,196500,Non GLA
1252,540500,196500,Non GLA
1253,511500,194500,Non GLA
1254,513500,194500,Non GLA
1255,515500,194500,Non GLA
1256,515500,194500,Harrow
1257,517500,194500,Non GLA
1258,517500,194500,Barnet
1259,517500,194500,Harrow
1260,519500,194500,Non GLA
1261,519500,194500,Barnet
1262,521500,194500,Barnet
1263,523500,194500,Barnet
1264,525500,194500,Barnet
1265,527500,194500,Barnet
1266,529500,194500,Barnet
1267,529500,194500,Enfield
1268,531500,194500,Enfield
1269,533500,194500,Enfield
1270,535500,194500,Enfield
1271,537500,194500,Enfield
1272,537500,194500,Waltham Forest
1273,539500,194500,Redbridge
1274,539500,194500,Waltham Forest
1275,541500,194500,Non GLA
1276,543500,194500,Non GLA
1277,545500,194500,Non GLA
1278,547500,194500,Non GLA
1279,549500,194500,Non GLA
1280,551500,194500,Non GLA
1281,551500,194500,Havering
1282,553500,194500,Non GLA
1283,553500,194500,Havering
1284,555500,194500,Non GLA
1285,555500,194500,Havering
1286,504500,193500,Non GLA
1287,504500,193500,Hillingdon
1288,506500,193500,Non GLA
1289,508500,193500,Non GLA
1290,510500,192500,Non GLA
1291,512500,192500,Non GLA
1292,512500,192500,Harrow
1293,514500,192500,Harrow
1294,516500,192500,Harrow
1295,518500,192500,Harrow
1296,518500,192500,Barnet
1297,520500,192500,Barnet
1298,522500,192500,Barnet
1299,524500,192500,Barnet
1300,526500,192500,Barnet
1301,528500,192500,Enfield
1302,528500,192500,Barnet
1303,530500,192500,Enfield
1304,532500,192500,Enfield
1305,534500,192500,Enfield
1306,536500,192500,Enfield
1307,536500,192500,Waltham Forest
1308,538500,192500,Waltham Forest
1309,540500,192500,Redbridge
1310,540500,192500,Waltham Forest
1311,542500,192500,Non GLA
1312,542500,192500,Redbridge
1313,544500,192500,Non GLA
1314,544500,192500,Redbridge
1315,546500,192500,Non GLA
1316,546500,192500,Redbridge
1317,548500,192500,Havering
1318,548500,192500,Redbridge
1319,550500,192500,Havering
1320,552500,192500,Havering
1321,554500,192500,Havering
1322,556500,192500,Non GLA
1323,556500,192500,Havering
1324,504500,191500,Non GLA
1325,504500,191500,Hillingdon
1326,506500,191500,Non GLA
1327,506500,191500,Hillingdon
1328,508500,191500,Hillingdon
1329,510500,190500,Hillingdon
1330,510500,190500,Harrow
1331,512500,190500,Harrow
1332,514500,190500,Harrow
1333,516500,190500,Harrow
1334,518500,190500,Harrow
1335,520500,190500,Harrow
1336,520500,190500,Barnet
1337,520500,190500,Brent
1338,522500,190500,Barnet
1339,524500,190500,Barnet
1340,526500,190500,Barnet
1341,528500,190500,Barnet
1342,528500,190500,Haringey
1343,530500,190500,Haringey
1344,532500,190500,Haringey
1345,534500,190500,Haringey
1346,536500,190500,Waltham Forest
1347,538500,190500,Waltham Forest
1348,540500,190500,Redbridge
1349,542500,190500,Redbridge
1350,544500,190500,Redbridge
1351,546500,190500,Redbridge
1352,548500,190500,Havering
1353,548500,190500,Redbridge
1354,548500,190500,Barking and Dagenham
1355,550500,190500,Havering
1356,552500,190500,Havering
1357,554500,190500,Havering
1358,556500,190500,Havering
1359,504500,189500,Non GLA
1360,504500,189500,Hillingdon
1361,506500,189500,Hillingdon
1362,508500,189500,Hillingdon
1363,558500,189500,Non GLA
1364,558500,189500,Havering
1365,560500,189500,Non GLA
1366,510500,188500,Hillingdon
1367,512500,188500,Harrow
1368,514500,188500,Harrow
1369,516500,188500,Brent
1370,516500,188500,Harrow
1371,518500,188500,Brent
1372,518500,188500,Harrow
1373,520500,188500,Brent
1374,522500,188500,Barnet
1375,524500,188500,Barnet
1376,526500,188500,Barnet
1377,526500,188500,Haringey
1378,528500,188500,Haringey
1379,530500,188500,Haringey
1380,532500,188500,Hackney
1381,532500,188500,Haringey
1382,534500,188500,Hackney
1383,534500,188500,Haringey
1384,534500,188500,Waltham Forest
1385,536500,188500,Waltham Forest
1386,538500,188500,Waltham Forest
1387,540500,188500,Redbridge
1388,542500,188500,Redbridge
1389,544500,188500,Redbridge
1390,546500,188500,Redbridge
1391,548500,188500,Havering
1392,548500,188500,Barking and Dagenham
1393,550500,188500,Havering
1394,552500,188500,Havering
1395,554500,188500,Havering
1396,556500,188500,Havering
1397,504500,187500,Non GLA
1398,504500,187500,Hillingdon
1399,506500,187500,Hillingdon
1400,508500,187500,Hillingdon
1401,558500,187500,Non GLA
1402,558500,187500,Havering
1403,560500,187500,Non GLA
1404,560500,187500,Havering
1405,510500,186500,Hillingdon
1406,512500,186500,Harrow
1407,512500,186500,Hillingdon
1408,514500,186500,Harrow
1409,516500,186500,Brent
1410,516500,186500,Harrow
1411,518500,186500,Brent
1412,520500,186500,Brent
1413,522500,186500,Brent
1414,522500,186500,Barnet
1415,524500,186500,Barnet
1416,526500,186500,Camden
1417,528500,186500,Islington
1418,528500,186500,Camden
1419,530500,186500,Islington
1420,532500,186500,Islington
1421,532500,186500,Hackney
1422,534500,186500,Hackney
1423,536500,186500,Hackney
1424,536500,186500,Waltham Forest
1425,538500,186500,Waltham Forest
1426,540500,186500,Redbridge
1427,540500,186500,Newham
1428,540500,186500,Waltham Forest
1429,542500,186500,Redbridge
1430,542500,186500,Newham
1431,544500,186500,Redbridge
1432,546500,186500,Barking and Dagenham
1433,546500,186500,Redbridge
1434,548500,186500,Barking and Dagenham
1435,550500,186500,Havering
1436,550500,186500,Barking and Dagenham
1437,552500,186500,Havering
1438,554500,186500,Havering
1439,556500,186500,Havering
1440,504500,185500,Non GLA
1441,506500,185500,Hillingdon
1442,508500,185500,Hillingdon
1443,558500,185500,Havering
1444,560500,185500,Havering
1445,510500,184500,Hillingdon
1446,512500,184500,Hillingdon
1447,512500,184500,Ealing
1448,514500,184500,Ealing
1449,516500,184500,Brent
1450,516500,184500,Ealing
1451,518500,184500,Brent
1452,520500,184500,Brent
1453,522500,184500,Brent
1454,524500,184500,Camden
1455,524500,184500,Brent
1456,526500,184500,Camden
1457,528500,184500,Camden
1458,530500,184500,Camden
1459,530500,184500,Islington
1460,532500,184500,Islington
1461,532500,184500,Hackney
1462,534500,184500,Hackney
1463,536500,184500,Hackney
1464,536500,184500,Tower Hamlets
1465,538500,184500,Newham
1466,540500,184500,Newham
1467,542500,184500,Newham
1468,544500,184500,Barking and Dagenham
1469,544500,184500,Redbridge
1470,546500,184500,Barking and Dagenham
1471,548500,184500,Barking and Dagenham
1472,550500,184500,Havering
1473,550500,184500,Barking and Dagenham
1474,552500,184500,Havering
1475,554500,184500,Havering
1476,556500,184500,Havering
1477,504500,183500,Non GLA
1478,504500,183500,Hillingdon
1479,506500,183500,Hillingdon
1480,508500,183500,Hillingdon
1481,558500,183500,Non GLA
1482,510500,182500,Ealing
1483,510500,182500,Hillingdon
1484,512500,182500,Hillingdon
1485,512500,182500,Ealing
1486,514500,182500,Ealing
1487,516500,182500,Ealing
1488,518500,182500,Brent
1489,518500,182500,Ealing
1490,520500,182500,Ealing
1491,520500,182500,Brent
1492,522500,182500,Brent
1493,522500,182500,Kensington and Chelsea
1494,522500,182500,Hammersmith and Fulham
1495,524500,182500,City of Westminster
1496,524500,182500,Kensington and Chelsea
1497,524500,182500,Brent
1498,526500,182500,City of Westminster
1499,534500,182500,Tower Hamlets
1500,536500,182500,Tower Hamlets
1501,538500,182500,Newham
1502,538500,182500,Tower Hamlets
1503,540500,182500,Newham
1504,542500,182500,Newham
1505,544500,182500,Newham
1506,544500,182500,Barking and Dagenham
1507,546500,182500,Barking and Dagenham
1508,548500,182500,Barking and Dagenham
1509,550500,182500,Barking and Dagenham
1510,550500,182500,Havering
1511,552500,182500,Havering
1512,554500,182500,Havering
1513,556500,182500,Non GLA
1514,556500,182500,Havering
1515,505500,181500,Hillingdon
1516,507500,181500,Hillingdon
1517,509500,180500,Hillingdon
1518,511500,180500,Hillingdon
1519,511500,180500,Ealing
1520,513500,180500,Ealing
1521,515500,180500,Ealing
1522,517500,180500,Ealing
1523,519500,180500,Ealing
1524,521500,180500,Ealing
1525,521500,180500,Hammersmith and Fulham
1526,523500,180500,Hammersmith and Fulham
1527,523500,180500,Kensington and Chelsea
1528,525500,180500,Kensington and Chelsea
1529,525500,180500,City of Westminster
1530,535500,180500,Tower Hamlets
1531,535500,180500,Southwark
1532,537500,180500,Tower Hamlets
1533,539500,180500,Newham
1534,539500,180500,Greenwich
1535,539500,180500,Tower Hamlets
1536,541500,180500,Newham
1537,543500,180500,Newham
1538,545500,180500,Greenwich
1539,547500,180500,Greenwich
1540,547500,180500,Bexley
1541,549500,180500,Bexley
1542,551500,180500,Bexley
1543,551500,180500,Havering
1544,553500,180500,Havering
1545,555500,180500,Non GLA
1546,555500,180500,Havering
1547,557500,180500,Non GLA
1548,505500,179500,Non GLA
1549,505500,179500,Hillingdon
1550,507500,179500,Hillingdon
1551,509500,178500,Hillingdon
1552,511500,178500,Ealing
1553,511500,178500,Hounslow
1554,513500,178500,Hounslow
1555,513500,178500,Ealing
1556,515500,178500,Ealing
1557,515500,178500,Hounslow
1558,517500,178500,Ealing
1559,517500,178500,Hounslow
1560,519500,178500,Ealing
1561,519500,178500,Hounslow
1562,521500,178500,Hammersmith and Fulham
1563,521500,178500,Ealing
1564,521500,178500,Hounslow
1565,523500,178500,Richmond
1566,523500,178500,Hammersmith and Fulham
1567,525500,178500,Kensington and Chelsea
1568,525500,178500,Hammersmith and Fulham
1569,527500,178500,Kensington and Chelsea
1570,529500,178500,Lambeth
1571,533500,178500,Southwark
1572,535500,178500,Lewisham
1573,535500,178500,Southwark
1574,537500,178500,Tower Hamlets
1575,537500,178500,Greenwich
1576,537500,178500,Lewisham
1577,539500,178500,Greenwich
1578,541500,178500,Greenwich
1579,543500,178500,Greenwich
1580,545500,178500,Greenwich
1581,547500,178500,Greenwich
1582,547500,178500,Bexley
1583,549500,178500,Bexley
1584,551500,178500,Bexley
1585,551500,178500,Havering
1586,553500,178500,Non GLA
1587,553500,178500,Havering
1588,553500,178500,Bexley
1589,555500,178500,Non GLA
1590,557500,178500,Non GLA
1591,504500,177500,Non GLA
1592,504500,177500,Hillingdon
1593,506500,177500,Hillingdon
1594,508500,176500,Hillingdon
1595,510500,176500,Hillingdon
1596,510500,176500,Hounslow
1597,512500,176500,Hounslow
1598,514500,176500,Hounslow
1599,516500,176500,Hounslow
1600,516500,176500,Richmond
1601,518500,176500,Richmond
1602,520500,176500,Hounslow
1603,520500,176500,Richmond
1604,522500,176500,Richmond
1605,522500,176500,Wandsworth
1606,524500,176500,Hammersmith and Fulham
1607,526500,176500,Wandsworth
1608,526500,176500,Kensington and Chelsea
1609,526500,176500,Hammersmith and Fulham
1610,528500,176500,Lambeth
1611,528500,176500,Wandsworth
1612,530500,176500,Lambeth
1613,532500,176500,Lambeth
1614,532500,176500,Southwark
1615,534500,176500,Southwark
1616,536500,176500,Lewisham
1617,538500,176500,Greenwich
1618,538500,176500,Lewisham
1619,540500,176500,Lewisham
1620,540500,176500,Greenwich
1621,542500,176500,Greenwich
1622,544500,176500,Bexley
1623,544500,176500,Greenwich
1624,546500,176500,Bexley
1625,548500,176500,Bexley
1626,550500,176500,Bexley
1627,552500,176500,Bexley
1628,554500,176500,Non GLA
1629,504500,175500,Non GLA
1630,504500,175500,Hillingdon
1631,506500,175500,Hillingdon
1632,508500,174500,Hillingdon
1633,508500,174500,Hounslow
1634,510500,174500,Hounslow
1635,512500,174500,Hounslow
1636,512500,174500,Richmond
1637,514500,174500,Richmond
1638,514500,174500,Hounslow
1639,516500,174500,Hounslow
1640,516500,174500,Richmond
1641,518500,174500,Richmond
1642,520500,174500,Richmond
1643,522500,174500,Wandsworth
1644,524500,174500,Wandsworth
1645,526500,174500,Wandsworth
1646,528500,174500,Lambeth
1647,528500,174500,Wandsworth
1648,530500,174500,Lambeth
1649,532500,174500,Southwark
1650,532500,174500,Lambeth
1651,534500,174500,Southwark
1652,534500,174500,Lewisham
1653,536500,174500,Lewisham
1654,536500,174500,Southwark
1655,538500,174500,Lewisham
1656,540500,174500,Lewisham
1657,540500,174500,Greenwich
1658,542500,174500,Greenwich
1659,544500,174500,Greenwich
1660,546500,174500,Bexley
1661,548500,174500,Bexley
1662,550500,174500,Bexley
1663,552500,174500,Non GLA
1664,552500,174500,Bexley
1665,554500,174500,Non GLA
1666,504500,173500,Non GLA
1667,506500,173500,Non GLA
1668,508500,172500,Non GLA
1669,508500,172500,Hounslow
1670,510500,172500,Hounslow
1671,512500,172500,Hounslow
1672,512500,172500,Richmond
1673,514500,172500,Richmond
1674,516500,172500,Richmond
1675,518500,172500,Richmond
1676,520500,172500,Richmond
1677,520500,172500,Kingston
1678,522500,172500,Merton
1679,522500,172500,Richmond
1680,522500,172500,Wandsworth
1681,524500,172500,Merton
1682,524500,172500,Wandsworth
1683,526500,172500,Wandsworth
1684,526500,172500,Merton
1685,528500,172500,Wandsworth
1686,530500,172500,Lambeth
1687,532500,172500,Southwark
1688,532500,172500,Lambeth
1689,534500,172500,Lewisham
1690,534500,172500,Southwark
1691,536500,172500,Lewisham
1692,538500,172500,Lewisham
1693,540500,172500,Lewisham
1694,540500,172500,Bromley
1695,542500,172500,Greenwich
1696,542500,172500,Bromley
1697,544500,172500,Bexley
1698,544500,172500,Bromley
1699,544500,172500,Greenwich
1700,546500,172500,Bexley
1701,548500,172500,Bexley
1702,550500,172500,Non GLA
1703,550500,172500,Bexley
1704,552500,172500,Non GLA
1705,554500,172500,Non GLA
1706,508500,170500,Non GLA
1707,510500,170500,Non GLA
1708,510500,170500,Hounslow
1709,512500,170500,Non GLA
1710,512500,170500,Hounslow
1711,512500,170500,Richmond
1712,514500,170500,Richmond
1713,516500,170500,Richmond
1714,518500,170500,Kingston
1715,520500,170500,Kingston
1716,522500,170500,Merton
1717,524500,170500,Merton
1718,526500,170500,Merton
1719,526500,170500,Wandsworth
1720,528500,170500,Merton
1721,528500,170500,Wandsworth
1722,530500,170500,Lambeth
1723,530500,170500,Croydon
1724,532500,170500,Croydon
1725,532500,170500,Lambeth
1726,534500,170500,Croydon
1727,534500,170500,Bromley
1728,536500,170500,Bromley
1729,538500,170500,Lewisham
1730,538500,170500,Bromley
1731,540500,170500,Bromley
1732,542500,170500,Bromley
1733,544500,170500,Bromley
1734,546500,170500,Bexley
1735,546500,170500,Bromley
1736,548500,170500,Bromley
1737,548500,170500,Bexley
1738,550500,170500,Non GLA
1739,552500,170500,Non GLA
1740,554500,170500,Non GLA
1741,512500,168500,Non GLA
1742,512500,168500,Richmond
1743,514500,168500,Non GLA
1744,514500,168500,Richmond
1745,516500,168500,Richmond
1746,518500,168500,Kingston
1747,520500,168500,Kingston
1748,522500,168500,Merton
1749,522500,168500,Kingston
1750,524500,168500,Merton
1751,526500,168500,Merton
1752,528500,168500,Merton
1753,530500,168500,Croydon
1754,530500,168500,Merton
1755,532500,168500,Croydon
1756,534500,168500,Croydon
1757,534500,168500,Bromley
1758,536500,168500,Bromley
1759,538500,168500,Bromley
1760,540500,168500,Bromley
1761,542500,168500,Bromley
1762,544500,168500,Bromley
1763,546500,168500,Bromley
1764,548500,168500,Bromley
1765,550500,168500,Non GLA
1766,550500,168500,Bromley
1767,517500,166500,Non GLA
1768,517500,166500,Kingston
1769,519500,166500,Kingston
1770,521500,166500,Non GLA
1771,521500,166500,Kingston
1772,523500,166500,Merton
1773,523500,166500,Sutton
1774,525500,166500,Merton
1775,525500,166500,Sutton
1776,527500,166500,Sutton
1777,529500,166500,Sutton
1778,531500,166500,Croydon
1779,533500,166500,Croydon
1780,535500,166500,Croydon
1781,537500,166500,Croydon
1782,537500,166500,Bromley
1783,539500,166500,Bromley
1784,541500,166500,Bromley
1785,543500,166500,Bromley
1786,545500,166500,Bromley
1787,547500,166500,Bromley
1788,549500,166500,Non GLA
1789,549500,166500,Bromley
1790,517500,164500,Non GLA
1791,517500,164500,Kingston
1792,519500,164500,Non GLA
1793,519500,164500,Kingston
1794,521500,164500,Non GLA
1795,523500,164500,Non GLA
1796,523500,164500,Sutton
1797,525500,164500,Sutton
1798,527500,164500,Sutton
1799,529500,164500,Sutton
1800,531500,164500,Croydon
1801,533500,164500,Croydon
1802,535500,164500,Croydon
1803,537500,164500,Bromley
1804,537500,164500,Croydon
1805,539500,164500,Bromley
1806,541500,164500,Bromley
1807,543500,164500,Bromley
1808,545500,164500,Bromley
1809,547500,164500,Bromley
1810,549500,164500,Non GLA
1811,549500,164500,Bromley
1812,517500,162500,Kingston
1813,519500,162500,Non GLA
1814,521500,162500,Non GLA
1815,523500,162500,Non GLA
1816,523500,162500,Sutton
1817,525500,162500,Non GLA
1818,525500,162500,Sutton
1819,527500,162500,Sutton
1820,529500,162500,Croydon
1821,529500,162500,Sutton
1822,531500,162500,Croydon
1823,531500,162500,Sutton
1824,533500,162500,Croydon
1825,535500,162500,Croydon
1826,537500,162500,Croydon
1827,539500,162500,Bromley
1828,539500,162500,Croydon
1829,541500,162500,Bromley
1830,543500,162500,Bromley
1831,545500,162500,Bromley
1832,547500,162500,Non GLA
1833,547500,162500,Bromley
1834,549500,162500,Non GLA
1835,517500,160500,Non GLA
1836,517500,160500,Kingston
1837,519500,160500,Non GLA
1838,521500,160500,Non GLA
1839,523500,160500,Non GLA
1840,523500,160500,Sutton
1841,525500,160500,Non GLA
1842,527500,160500,Non GLA
1843,527500,160500,Sutton
1844,529500,160500,Sutton
1845,529500,160500,Croydon
1846,531500,160500,Croydon
1847,533500,160500,Croydon
1848,535500,160500,Non GLA
1849,535500,160500,Croydon
1850,537500,160500,Non GLA
1851,539500,160500,Non GLA
1852,539500,160500,Croydon
1853,539500,160500,Bromley
1854,541500,160500,Bromley
1855,543500,160500,Bromley
1856,545500,160500,Bromley
1857,547500,160500,Non GLA
1858,547500,160500,Bromley
1859,549500,160500,Non GLA
1860,529500,158500,Croydon
1861,531500,158500,Croydon
1862,533500,158500,Non GLA
1863,533500,158500,Croydon
1864,535500,158500,Non GLA
1865,537500,158500,Non GLA
1866,539500,158500,Non GLA
1867,541500,158500,Non GLA
1868,541500,158500,Bromley
1869,543500,158500,Bromley
1870,545500,158500,Non GLA
1871,545500,158500,Bromley
1872,547500,158500,Non GLA
1873,549500,158500,Non GLA
1874,529500,156500,Non GLA
1875,531500,156500,Non GLA
1876,531500,156500,Croydon
1877,533500,156500,Non GLA
1878,535500,156500,Non GLA
1879,537500,156500,Non GLA
1880,539500,156500,Non GLA
1881,541500,156500,Non GLA
1882,543500,156500,Non GLA
1883,543500,156500,Bromley
1884,545500,156500,Non GLA
1885,545500,156500,Bromley
1886,547500,156500,Non GLA
1887,549500,156500,Non GLA
1888,525500,199500,Non GLA
1889,527500,199500,Non GLA
1890,527500,199500,Enfield
1891,529500,199500,Enfield
1892,531500,199500,Enfield
1893,533500,199500,Enfield
1894,535500,199500,Enfield
1895,537500,199500,Non GLA
1896,537500,199500,Enfield
1897,517500,197500,Non GLA
1898,519500,197500,Non GLA
1899,521500,197500,Non GLA
1900,523500,197500,Non GLA
1901,523500,197500,Barnet
1902,525500,197500,Non GLA
1903,525500,197500,Barnet
1904,525500,197500,Enfield
1905,527500,197500,Enfield
1906,527500,197500,Barnet
1907,529500,197500,Enfield
1908,531500,197500,Enfield
1909,533500,197500,Enfield
1910,535500,197500,Enfield
1911,537500,197500,Non GLA
1912,537500,197500,Enfield
1913,517500,195500,Non GLA
1914,519500,195500,Non GLA
1915,519500,195500,Barnet
1916,521500,195500,Non GLA
1917,521500,195500,Barnet
1918,523500,195500,Barnet
1919,525500,195500,Barnet
1920,527500,195500,Enfield
1921,527500,195500,Barnet
1922,529500,195500,Enfield
1923,531500,195500,Enfield
1924,533500,195500,Enfield
1925,535500,195500,Enfield
1926,537500,195500,Non GLA
1927,537500,195500,Enfield
1928,537500,195500,Waltham Forest
1929,539500,195500,Non GLA
1930,539500,195500,Waltham Forest
1931,509500,193500,Non GLA
1932,511500,193500,Non GLA
1933,513500,193500,Non GLA
1934,513500,193500,Harrow
1935,515500,193500,Non GLA
1936,515500,193500,Harrow
1937,517500,193500,Harrow
1938,517500,193500,Barnet
1939,519500,193500,Barnet
1940,521500,193500,Barnet
1941,523500,193500,Barnet
1942,525500,193500,Barnet
1943,527500,193500,Barnet
1944,529500,193500,Enfield
1945,529500,193500,Barnet
1946,531500,193500,Enfield
1947,533500,193500,Enfield
1948,535500,193500,Enfield
1949,537500,193500,Waltham Forest
1950,537500,193500,Enfield
1951,539500,193500,Redbridge
1952,539500,193500,Waltham Forest
1953,541500,193500,Non GLA
1954,541500,193500,Redbridge
1955,543500,193500,Non GLA
1956,545500,193500,Non GLA
1957,547500,193500,Non GLA
1958,547500,193500,Redbridge
1959,549500,193500,Non GLA
1960,549500,193500,Havering
1961,551500,193500,Non GLA
1962,551500,193500,Havering
1963,553500,193500,Havering
1964,555500,193500,Non GLA
1965,555500,193500,Havering
1966,503500,192500,Non GLA
1967,503500,192500,Hillingdon
1968,505500,192500,Non GLA
1969,505500,192500,Hillingdon
1970,507500,192500,Non GLA
1971,507500,192500,Hillingdon
1972,557500,192500,Non GLA
1973,509500,191500,Non GLA
1974,509500,191500,Hillingdon
1975,511500,191500,Non GLA
1976,511500,191500,Harrow
1977,513500,191500,Harrow
1978,515500,191500,Harrow
1979,517500,191500,Harrow
1980,519500,191500,Harrow
1981,519500,191500,Barnet
1982,521500,191500,Barnet
1983,523500,191500,Barnet
1984,525500,191500,Barnet
1985,527500,191500,Haringey
1986,527500,191500,Barnet
1987,529500,191500,Haringey
1988,529500,191500,Enfield
1989,531500,191500,Haringey
1990,531500,191500,Enfield
1991,533500,191500,Enfield
1992,533500,191500,Haringey
1993,535500,191500,Enfield
1994,535500,191500,Waltham Forest
1995,535500,191500,Haringey
1996,537500,191500,Waltham Forest
1997,539500,191500,Waltham Forest
1998,539500,191500,Redbridge
1999,541500,191500,Redbridge
2000,543500,191500,Non GLA
2001,543500,191500,Redbridge
2002,545500,191500,Non GLA
2003,545500,191500,Redbridge
2004,547500,191500,Redbridge
2005,549500,191500,Havering
2006,551500,191500,Havering
2007,553500,191500,Havering
2008,503500,190500,Non GLA
2009,503500,190500,Hillingdon
2010,505500,190500,Hillingdon
2011,507500,190500,Hillingdon
2012,555500,190500,Havering
2013,557500,190500,Non GLA
2014,557500,190500,Havering
2015,509500,189500,Hillingdon
2016,511500,189500,Hillingdon
2017,511500,189500,Harrow
2018,513500,189500,Harrow
2019,515500,189500,Harrow
2020,517500,189500,Harrow
2021,519500,189500,Brent
2022,519500,189500,Harrow
2023,521500,189500,Brent
2024,521500,189500,Barnet
2025,523500,189500,Barnet
2026,525500,189500,Barnet
2027,527500,189500,Haringey
2028,527500,189500,Barnet
2029,529500,189500,Haringey
2030,531500,189500,Haringey
2031,533500,189500,Haringey
2032,535500,189500,Waltham Forest
2033,535500,189500,Haringey
2034,537500,189500,Waltham Forest
2035,539500,189500,Redbridge
2036,539500,189500,Waltham Forest
2037,541500,189500,Redbridge
2038,543500,189500,Redbridge
2039,545500,189500,Redbridge
2040,547500,189500,Redbridge
2041,547500,189500,Barking and Dagenham
2042,549500,189500,Havering
2043,549500,189500,Barking and Dagenham
2044,551500,189500,Havering
2045,553500,189500,Havering
2046,503500,188500,Non GLA
2047,505500,188500,Hillingdon
2048,507500,188500,Hillingdon
2049,555500,188500,Havering
2050,557500,188500,Havering
2051,559500,188500,Non GLA
2052,509500,187500,Hillingdon
2053,511500,187500,Hillingdon
2054,511500,187500,Harrow
2055,513500,187500,Harrow
2056,515500,187500,Harrow
2057,517500,187500,Brent
2058,519500,187500,Brent
2059,521500,187500,Barnet
2060,521500,187500,Brent
2061,523500,187500,Barnet
2062,525500,187500,Barnet
2063,525500,187500,Camden
2064,527500,187500,Haringey
2065,527500,187500,Camden
2066,529500,187500,Islington
2067,529500,187500,Haringey
2068,531500,187500,Haringey
2069,531500,187500,Islington
2070,531500,187500,Hackney
2071,533500,187500,Haringey
2072,533500,187500,Hackney
2073,535500,187500,Hackney
2074,535500,187500,Waltham Forest
2075,537500,187500,Waltham Forest
2076,539500,187500,Redbridge
2077,539500,187500,Waltham Forest
2078,541500,187500,Redbridge
2079,543500,187500,Redbridge
2080,545500,187500,Redbridge
2081,547500,187500,Barking and Dagenham
2082,547500,187500,Redbridge
2083,549500,187500,Havering
2084,549500,187500,Barking and Dagenham
2085,551500,187500,Barking and Dagenham
2086,551500,187500,Havering
2087,553500,187500,Havering
2088,503500,186500,Non GLA
2089,505500,186500,Non GLA
2090,505500,186500,Hillingdon
2091,507500,186500,Hillingdon
2092,555500,186500,Havering
2093,557500,186500,Havering
2094,559500,186500,Havering
2095,509500,185500,Hillingdon
2096,511500,185500,Hillingdon
2097,513500,185500,Ealing
2098,513500,185500,Harrow
2099,515500,185500,Brent
2100,515500,185500,Ealing
2101,515500,185500,Harrow
2102,517500,185500,Brent
2103,519500,185500,Brent
2104,521500,185500,Brent
2105,523500,185500,Barnet
2106,523500,185500,Camden
2107,523500,185500,Brent
2108,525500,185500,Barnet
2109,525500,185500,Camden
2110,527500,185500,Camden
2111,529500,185500,Camden
2112,529500,185500,Islington
2113,531500,185500,Islington
2114,533500,185500,Hackney
2115,533500,185500,Islington
2116,535500,185500,Hackney
2117,537500,185500,Hackney
2118,537500,185500,Newham
2119,537500,185500,Waltham Forest
2120,539500,185500,Waltham Forest
2121,539500,185500,Newham
2122,541500,185500,Newham
2123,541500,185500,Redbridge
2124,543500,185500,Newham
2125,543500,185500,Redbridge
2126,545500,185500,Redbridge
2127,545500,185500,Barking and Dagenham
2128,547500,185500,Barking and Dagenham
2129,549500,185500,Barking and Dagenham
2130,551500,185500,Havering
2131,551500,185500,Barking and Dagenham
2132,553500,185500,Havering
2133,561500,185500,Non GLA
2134,561500,185500,Havering
2135,503500,184500,Non GLA
2136,505500,184500,Non GLA
2137,505500,184500,Hillingdon
2138,507500,184500,Hillingdon
2139,555500,184500,Havering
2140,557500,184500,Non GLA
2141,557500,184500,Havering
2142,559500,184500,Non GLA
2143,559500,184500,Havering
2144,509500,183500,Hillingdon
2145,509500,183500,Ealing
2146,511500,183500,Hillingdon
2147,511500,183500,Ealing
2148,513500,183500,Ealing
2149,515500,183500,Ealing
2150,517500,183500,Brent
2151,517500,183500,Ealing
2152,519500,183500,Ealing
2153,519500,183500,Brent
2154,521500,183500,Brent
2155,521500,183500,Hammersmith and Fulham
2156,521500,183500,Ealing
2157,523500,183500,Brent
2158,525500,183500,Camden
2159,525500,183500,City of Westminster
2160,525500,183500,Brent
2161,527500,183500,Camden
2162,527500,183500,City of Westminster
2163,529500,183500,Camden
2164,533500,183500,Hackney
2165,533500,183500,Tower Hamlets
2166,535500,183500,Tower Hamlets
2167,535500,183500,Hackney
2168,537500,183500,Tower Hamlets
2169,537500,183500,Newham
2170,539500,183500,Newham
2171,541500,183500,Newham
2172,543500,183500,Newham
2173,543500,183500,Barking and Dagenham
2174,545500,183500,Barking and Dagenham
2175,547500,183500,Barking and Dagenham
2176,549500,183500,Barking and Dagenham
2177,551500,183500,Havering
2178,553500,183500,Havering
2179,503500,182500,Non GLA
2180,505500,182500,Hillingdon
2181,507500,182500,Hillingdon
2182,555500,182500,Non GLA
2183,555500,182500,Havering
2184,557500,182500,Non GLA
2185,557500,182500,Havering
2186,509500,181500,Hillingdon
2187,511500,181500,Hillingdon
2188,513500,181500,Ealing
2189,515500,181500,Ealing
2190,517500,181500,Ealing
2191,519500,181500,Ealing
2192,521500,181500,Hammersmith and Fulham
2193,521500,181500,Ealing
2194,523500,181500,Hammersmith and Fulham
2195,523500,181500,Kensington and Chelsea
2196,525500,181500,City of Westminster
2197,525500,181500,Kensington and Chelsea
2198,535500,181500,Tower Hamlets
2199,537500,181500,Tower Hamlets
2200,539500,181500,Tower Hamlets
2201,539500,181500,Newham
2202,541500,181500,Newham
2203,543500,181500,Newham
2204,545500,181500,Barking and Dagenham
2205,545500,181500,Newham
2206,545500,181500,Greenwich
2207,547500,181500,Greenwich
2208,547500,181500,Barking and Dagenham
2209,547500,181500,Bexley
2210,549500,181500,Barking and Dagenham
2211,549500,181500,Bexley
2212,549500,181500,Havering
2213,551500,181500,Havering
2214,553500,181500,Havering
2215,504500,180500,Non GLA
2216,504500,180500,Hillingdon
2217,506500,180500,Hillingdon
2218,556500,180500,Non GLA
2219,508500,179500,Hillingdon
2220,510500,179500,Hounslow
2221,510500,179500,Ealing
2222,510500,179500,Hillingdon
2223,512500,179500,Ealing
2224,514500,179500,Ealing
2225,514500,179500,Hounslow
2226,516500,179500,Ealing
2227,518500,179500,Hounslow
2228,518500,179500,Ealing
2229,520500,179500,Ealing
2230,522500,179500,Hammersmith and Fulham
2231,524500,179500,Hammersmith and Fulham
2232,524500,179500,Kensington and Chelsea
2233,526500,179500,Kensington and Chelsea
2234,526500,179500,City of Westminster
2235,528500,179500,Kensington and Chelsea
2236,534500,179500,Southwark
2237,534500,179500,Tower Hamlets
2238,536500,179500,Southwark
2239,536500,179500,Tower Hamlets
2240,536500,179500,Lewisham
2241,538500,179500,Tower Hamlets
2242,538500,179500,Greenwich
2243,540500,179500,Newham
2244,540500,179500,Greenwich
2245,542500,179500,Newham
2246,542500,179500,Greenwich
2247,544500,179500,Newham
2248,544500,179500,Greenwich
2249,546500,179500,Greenwich
2250,548500,179500,Bexley
2251,550500,179500,Bexley
2252,552500,179500,Havering
2253,504500,178500,Non GLA
2254,504500,178500,Hillingdon
2255,506500,178500,Hillingdon
2256,554500,178500,Non GLA
2257,554500,178500,Bexley
2258,556500,178500,Non GLA
2259,508500,177500,Hillingdon
2260,510500,177500,Hounslow
2261,510500,177500,Hillingdon
2262,512500,177500,Hounslow
2263,514500,177500,Hounslow
2264,516500,177500,Hounslow
2265,518500,177500,Richmond
2266,518500,177500,Hounslow
2267,520500,177500,Hounslow
2268,522500,177500,Richmond
2269,522500,177500,Richmond
2270,524500,177500,Hammersmith and Fulham
2271,526500,177500,Kensington and Chelsea
2272,526500,177500,Hammersmith and Fulham
2273,526500,177500,Wandsworth
2274,528500,177500,Wandsworth
2275,528500,177500,City of Westminster
2276,528500,177500,Kensington and Chelsea
2277,530500,177500,Wandsworth
2278,530500,177500,Lambeth
2279,532500,177500,Lambeth
2280,532500,177500,Southwark
2281,534500,177500,Southwark
2282,536500,177500,Lewisham
2283,538500,177500,Greenwich
2284,540500,177500,Greenwich
2285,542500,177500,Greenwich
2286,544500,177500,Greenwich
2287,546500,177500,Greenwich
2288,546500,177500,Bexley
2289,548500,177500,Bexley
2290,550500,177500,Bexley
2291,552500,177500,Bexley
2292,503500,176500,Non GLA
2293,503500,176500,Hillingdon
2294,505500,176500,Hillingdon
2295,507500,175500,Hillingdon
2296,509500,175500,Hillingdon
2297,509500,175500,Hounslow
2298,511500,175500,Hounslow
2299,513500,175500,Hounslow
2300,515500,175500,Hounslow
2301,517500,175500,Richmond
2302,519500,175500,Richmond
2303,521500,175500,Richmond
2304,521500,175500,Wandsworth
2305,523500,175500,Hammersmith and Fulham
2306,523500,175500,Wandsworth
2307,525500,175500,Wandsworth
2308,525500,175500,Hammersmith and Fulham
2309,527500,175500,Wandsworth
2310,529500,175500,Lambeth
2311,531500,175500,Lambeth
2312,533500,175500,Southwark
2313,535500,175500,Southwark
2314,535500,175500,Lewisham
2315,537500,175500,Lewisham
2316,539500,175500,Greenwich
2317,539500,175500,Lewisham
2318,541500,175500,Greenwich
2319,543500,175500,Greenwich
2320,545500,175500,Greenwich
2321,545500,175500,Bexley
2322,547500,175500,Bexley
2323,549500,175500,Bexley
2324,551500,175500,Bexley
2325,554500,175500,Non GLA
2326,503500,174500,Non GLA
2327,505500,174500,Non GLA
2328,505500,174500,Hillingdon
2329,507500,173500,Non GLA
2330,507500,173500,Hounslow
2331,507500,173500,Hillingdon
2332,509500,173500,Hounslow
2333,511500,173500,Hounslow
2334,513500,173500,Richmond
2335,515500,173500,Richmond
2336,517500,173500,Richmond
2337,519500,173500,Richmond
2338,521500,173500,Wandsworth
2339,521500,173500,Richmond
2340,523500,173500,Wandsworth
2341,525500,173500,Wandsworth
2342,527500,173500,Wandsworth
2343,529500,173500,Wandsworth
2344,529500,173500,Lambeth
2345,531500,173500,Lambeth
2346,533500,173500,Southwark
2347,535500,173500,Lewisham
2348,535500,173500,Southwark
2349,537500,173500,Lewisham
2350,539500,173500,Lewisham
2351,541500,173500,Bromley
2352,541500,173500,Greenwich
2353,541500,173500,Lewisham
2354,543500,173500,Greenwich
2355,545500,173500,Bexley
2356,545500,173500,Greenwich
2357,547500,173500,Bexley
2358,549500,173500,Bexley
2359,551500,173500,Non GLA
2360,551500,173500,Bexley
2361,554500,173500,Non GLA
2362,507500,171500,Non GLA
2363,507500,171500,Hounslow
2364,509500,171500,Non GLA
2365,509500,171500,Hounslow
2366,511500,171500,Hounslow
2367,513500,171500,Richmond
2368,515500,171500,Richmond
2369,517500,171500,Richmond
2370,517500,171500,Kingston
2371,519500,171500,Kingston
2372,519500,171500,Richmond
2373,521500,171500,Merton
2374,521500,171500,Wandsworth
2375,521500,171500,Kingston
2376,523500,171500,Merton
2377,525500,171500,Wandsworth
2378,525500,171500,Merton
2379,527500,171500,Wandsworth
2380,529500,171500,Lambeth
2381,529500,171500,Wandsworth
2382,531500,171500,Lambeth
2383,531500,171500,Croydon
2384,533500,171500,Southwark
2385,533500,171500,Lambeth
2386,533500,171500,Lewisham
2387,533500,171500,Bromley
2388,535500,171500,Lewisham
2389,535500,171500,Bromley
2390,537500,171500,Lewisham
2391,537500,171500,Bromley
2392,539500,171500,Lewisham
2393,539500,171500,Bromley
2394,541500,171500,Lewisham
2395,541500,171500,Bromley
2396,543500,171500,Greenwich
2397,543500,171500,Bromley
2398,545500,171500,Bromley
2399,545500,171500,Bexley
2400,547500,171500,Bexley
2401,549500,171500,Non GLA
2402,549500,171500,Bexley
2403,551500,171500,Non GLA
2404,554500,171500,Non GLA
2405,511500,169500,Non GLA
2406,513500,169500,Non GLA
2407,513500,169500,Richmond
2408,515500,169500,Richmond
2409,517500,169500,Kingston
2410,517500,169500,Richmond
2411,519500,169500,Kingston
2412,521500,169500,Merton
2413,521500,169500,Kingston
2414,523500,169500,Merton
2415,525500,169500,Merton
2416,527500,169500,Merton
2417,529500,169500,Croydon
2418,529500,169500,Merton
2419,529500,169500,Lambeth
2420,531500,169500,Croydon
2421,533500,169500,Croydon
2422,535500,169500,Bromley
2423,537500,169500,Bromley
2424,539500,169500,Bromley
2425,541500,169500,Bromley
2426,543500,169500,Bromley
2427,545500,169500,Bromley
2428,547500,169500,Bromley
2429,549500,169500,Non GLA
2430,549500,169500,Bromley
2431,549500,169500,Bexley
2432,551500,169500,Non GLA
2433,554500,169500,Non GLA
2434,511500,167500,Non GLA
2435,513500,167500,Non GLA
2436,515500,167500,Non GLA
2437,515500,167500,Richmond
2438,517500,167500,Non GLA
2439,517500,167500,Kingston
2440,517500,167500,Richmond
2441,519500,167500,Kingston
2442,521500,167500,Kingston
2443,523500,167500,Merton
2444,525500,167500,Merton
2445,527500,167500,Sutton
2446,527500,167500,Merton
2447,529500,167500,Croydon
2448,529500,167500,Sutton
2449,529500,167500,Merton
2450,531500,167500,Croydon
2451,533500,167500,Croydon
2452,535500,167500,Bromley
2453,535500,167500,Croydon
2454,537500,167500,Bromley
2455,539500,167500,Bromley
2456,541500,167500,Bromley
2457,543500,167500,Bromley
2458,545500,167500,Bromley
2459,547500,167500,Bromley
2460,549500,167500,Non GLA
2461,549500,167500,Bromley
2462,516500,165500,Non GLA
2463,518500,165500,Kingston
2464,520500,165500,Non GLA
2465,520500,165500,Kingston
2466,522500,165500,Non GLA
2467,522500,165500,Sutton
2468,524500,165500,Sutton
2469,526500,165500,Sutton
2470,528500,165500,Sutton
2471,530500,165500,Croydon
2472,530500,165500,Sutton
2473,532500,165500,Croydon
2474,534500,165500,Croydon
2475,536500,165500,Croydon
2476,538500,165500,Bromley
2477,540500,165500,Bromley
2478,542500,165500,Bromley
2479,544500,165500,Bromley
2480,546500,165500,Bromley
2481,548500,165500,Bromley
2482,550500,165500,Non GLA
2483,516500,163500,Non GLA
2484,516500,163500,Kingston
2485,518500,163500,Non GLA
2486,518500,163500,Kingston
2487,520500,163500,Non GLA
2488,522500,163500,Non GLA
2489,524500,163500,Sutton
2490,526500,163500,Sutton
2491,528500,163500,Sutton
2492,530500,163500,Sutton
2493,530500,163500,Croydon
2494,532500,163500,Croydon
2495,534500,163500,Croydon
2496,536500,163500,Croydon
2497,538500,163500,Bromley
2498,538500,163500,Croydon
2499,540500,163500,Bromley
2500,542500,163500,Bromley
2501,544500,163500,Bromley
2502,546500,163500,Bromley
2503,548500,163500,Non GLA
2504,548500,163500,Bromley
2505,550500,163500,Non GLA
2506,516500,161500,Non GLA
2507,516500,161500,Kingston
2508,518500,161500,Non GLA
2509,518500,161500,Kingston
2510,520500,161500,Non GLA
2511,522500,161500,Non GLA
2512,524500,161500,Non GLA
2513,524500,161500,Sutton
2514,526500,161500,Non GLA
2515,526500,161500,Sutton
2516,528500,161500,Sutton
2517,530500,161500,Croydon
2518,532500,161500,Croydon
2519,534500,161500,Croydon
2520,536500,161500,Non GLA
2521,536500,161500,Croydon
2522,538500,161500,Non GLA
2523,538500,161500,Croydon
2524,540500,161500,Bromley
2525,542500,161500,Bromley
2526,544500,161500,Bromley
2527,546500,161500,Bromley
2528,548500,161500,Non GLA
2529,550500,161500,Non GLA
2530,516500,159500,Non GLA
2531,516500,159500,Kingston
2532,518500,159500,Non GLA
2533,520500,159500,Non GLA
2534,522500,159500,Non GLA
2535,524500,159500,Non GLA
2536,526500,159500,Non GLA
2537,528500,159500,Non GLA
2538,528500,159500,Sutton
2539,528500,159500,Croydon
2540,530500,159500,Croydon
2541,532500,159500,Croydon
2542,534500,159500,Non GLA
2543,534500,159500,Croydon
2544,536500,159500,Non GLA
2545,538500,159500,Non GLA
2546,540500,159500,Non GLA
2547,540500,159500,Bromley
2548,542500,159500,Bromley
2549,544500,159500,Bromley
2550,546500,159500,Non GLA
2551,546500,159500,Bromley
2552,548500,159500,Non GLA
2553,550500,159500,Non GLA
2554,528500,157500,Non GLA
2555,528500,157500,Croydon
2556,530500,157500,Non GLA
2557,530500,157500,Croydon
2558,532500,157500,Non GLA
2559,532500,157500,Croydon
2560,534500,157500,Non GLA
2561,536500,157500,Non GLA
2562,538500,157500,Non GLA
2563,540500,157500,Non GLA
2564,540500,157500,Bromley
2565,542500,157500,Non GLA
2566,542500,157500,Bromley
2567,544500,157500,Bromley
2568,546500,157500,Non GLA
2569,548500,157500,Non GLA
2570,550500,157500,Non GLA
2571,528500,155500,Non GLA
2572,530500,155500,Non GLA
2573,530500,155500,Croydon
2574,532500,155500,Non GLA
2575,534500,155500,Non GLA
2576,536500,155500,Non GLA
2577,538500,155500,Non GLA
2578,526500,199500,Non GLA
2579,526500,199500,Enfield
2580,528500,199500,Enfield
2581,530500,199500,Enfield
2582,532500,199500,Enfield
2583,534500,199500,Enfield
2584,536500,199500,Non GLA
2585,536500,199500,Enfield
2586,518500,197500,Non GLA
2587,520500,197500,Non GLA
2588,522500,197500,Non GLA
2589,522500,197500,Barnet
2590,524500,197500,Non GLA
2591,524500,197500,Barnet
2592,526500,197500,Enfield
2593,526500,197500,Barnet
2594,528500,197500,Enfield
2595,530500,197500,Enfield
2596,532500,197500,Enfield
2597,534500,197500,Enfield
2598,536500,197500,Enfield
2599,518500,195500,Non GLA
2600,520500,195500,Non GLA
2601,520500,195500,Barnet
2602,522500,195500,Barnet
2603,524500,195500,Barnet
2604,526500,195500,Barnet
2605,528500,195500,Enfield
2606,528500,195500,Barnet
2607,530500,195500,Enfield
2608,532500,195500,Enfield
2609,534500,195500,Enfield
2610,536500,195500,Enfield
2611,538500,195500,Non GLA
2612,538500,195500,Waltham Forest
2613,540500,195500,Non GLA
2614,540500,195500,Waltham Forest
2615,510500,193500,Non GLA
2616,512500,193500,Non GLA
2617,514500,193500,Non GLA
2618,514500,193500,Harrow
2619,516500,193500,Harrow
2620,518500,193500,Barnet
2621,518500,193500,Harrow
2622,520500,193500,Barnet
2623,522500,193500,Barnet
2624,524500,193500,Barnet
2625,526500,193500,Barnet
2626,528500,193500,Barnet
2627,530500,193500,Enfield
2628,532500,193500,Enfield
2629,534500,193500,Enfield
2630,536500,193500,Enfield
2631,536500,193500,Waltham Forest
2632,538500,193500,Waltham Forest
2633,540500,193500,Non GLA
2634,540500,193500,Redbridge
2635,542500,193500,Non GLA
2636,542500,193500,Redbridge
2637,544500,193500,Non GLA
2638,546500,193500,Non GLA
2639,546500,193500,Redbridge
2640,548500,193500,Non GLA
2641,548500,193500,Redbridge
2642,548500,193500,Havering
2643,550500,193500,Non GLA
2644,550500,193500,Havering
2645,552500,193500,Havering
2646,554500,193500,Havering
2647,504500,192500,Non GLA
2648,504500,192500,Hillingdon
2649,506500,192500,Non GLA
2650,506500,192500,Hillingdon
2651,508500,192500,Non GLA
2652,508500,192500,Hillingdon
2653,510500,191500,Non GLA
2654,510500,191500,Hillingdon
2655,510500,191500,Harrow
2656,512500,191500,Harrow
2657,514500,191500,Harrow
2658,516500,191500,Harrow
2659,518500,191500,Barnet
2660,518500,191500,Harrow
2661,520500,191500,Barnet
2662,522500,191500,Barnet
2663,524500,191500,Barnet
2664,526500,191500,Barnet
2665,528500,191500,Haringey
2666,528500,191500,Enfield
2667,528500,191500,Barnet
2668,530500,191500,Enfield
2669,530500,191500,Haringey
2670,532500,191500,Enfield
2671,532500,191500,Haringey
2672,534500,191500,Haringey
2673,534500,191500,Enfield
2674,536500,191500,Enfield
2675,536500,191500,Waltham Forest
2676,538500,191500,Waltham Forest
2677,540500,191500,Redbridge
2678,542500,191500,Non GLA
2679,542500,191500,Redbridge
2680,544500,191500,Non GLA
2681,544500,191500,Redbridge
2682,546500,191500,Redbridge
2683,548500,191500,Redbridge
2684,548500,191500,Barking and Dagenham
2685,548500,191500,Havering
2686,550500,191500,Havering
2687,552500,191500,Havering
2688,554500,191500,Havering
2689,556500,191500,Non GLA
2690,556500,191500,Havering
2691,504500,190500,Non GLA
2692,504500,190500,Hillingdon
2693,506500,190500,Hillingdon
2694,508500,190500,Hillingdon
2695,510500,189500,Harrow
2696,510500,189500,Hillingdon
2697,512500,189500,Harrow
2698,514500,189500,Harrow
2699,516500,189500,Harrow
2700,518500,189500,Harrow
2701,518500,189500,Brent
2702,520500,189500,Barnet
2703,520500,189500,Brent
2704,522500,189500,Barnet
2705,524500,189500,Barnet
2706,526500,189500,Barnet
2707,528500,189500,Haringey
2708,530500,189500,Haringey
2709,532500,189500,Haringey
2710,534500,189500,Haringey
2711,534500,189500,Waltham Forest
2712,536500,189500,Waltham Forest
2713,538500,189500,Waltham Forest
2714,540500,189500,Redbridge
2715,542500,189500,Redbridge
2716,544500,189500,Redbridge
2717,546500,189500,Redbridge
2718,548500,189500,Havering
2719,548500,189500,Barking and Dagenham
2720,550500,189500,Havering
2721,552500,189500,Havering
2722,554500,189500,Havering
2723,556500,189500,Havering
2724,504500,188500,Non GLA
2725,504500,188500,Hillingdon
2726,506500,188500,Hillingdon
2727,508500,188500,Hillingdon
2728,558500,188500,Non GLA
2729,558500,188500,Havering
2730,560500,188500,Non GLA
2731,510500,187500,Hillingdon
2732,512500,187500,Harrow
2733,514500,187500,Harrow
2734,516500,187500,Harrow
2735,516500,187500,Brent
2736,518500,187500,Brent
2737,520500,187500,Brent
2738,522500,187500,Barnet
2739,522500,187500,Brent
2740,524500,187500,Barnet
2741,526500,187500,Camden
2742,526500,187500,Haringey
2743,526500,187500,Barnet
2744,528500,187500,Haringey
2745,528500,187500,Islington
2746,528500,187500,Camden
2747,530500,187500,Haringey
2748,530500,187500,Islington
2749,532500,187500,Haringey
2750,532500,187500,Hackney
2751,534500,187500,Hackney
2752,534500,187500,Waltham Forest
2753,536500,187500,Waltham Forest
2754,538500,187500,Waltham Forest
2755,540500,187500,Waltham Forest
2756,540500,187500,Redbridge
2757,542500,187500,Newham
2758,542500,187500,Redbridge
2759,544500,187500,Redbridge
2760,546500,187500,Redbridge
2761,546500,187500,Barking and Dagenham
2762,548500,187500,Barking and Dagenham
2763,548500,187500,Havering
2764,550500,187500,Havering
2765,550500,187500,Barking and Dagenham
2766,552500,187500,Havering
2767,554500,187500,Havering
2768,556500,187500,Havering
2769,504500,186500,Non GLA
2770,506500,186500,Hillingdon
2771,508500,186500,Hillingdon
2772,558500,186500,Havering
2773,560500,186500,Non GLA
2774,560500,186500,Havering
2775,510500,185500,Hillingdon
2776,512500,185500,Hillingdon
2777,512500,185500,Ealing
2778,512500,185500,Harrow
2779,514500,185500,Harrow
2780,514500,185500,Ealing
2781,516500,185500,Brent
2782,516500,185500,Ealing
2783,518500,185500,Brent
2784,520500,185500,Brent
2785,522500,185500,Brent
2786,524500,185500,Brent
2787,524500,185500,Barnet
2788,524500,185500,Camden
2789,526500,185500,Camden
2790,528500,185500,Camden
2791,530500,185500,Islington
2792,532500,185500,Islington
2793,532500,185500,Hackney
2794,534500,185500,Hackney
2795,536500,185500,Hackney
2796,538500,185500,Newham
2797,538500,185500,Waltham Forest
2798,540500,185500,Redbridge
2799,540500,185500,Waltham Forest
2800,540500,185500,Newham
2801,542500,185500,Newham
2802,544500,185500,Redbridge
2803,544500,185500,Barking and Dagenham
2804,546500,185500,Barking and Dagenham
2805,546500,185500,Redbridge
2806,548500,185500,Barking and Dagenham
2807,550500,185500,Barking and Dagenham
2808,552500,185500,Havering
2809,554500,185500,Havering
2810,556500,185500,Havering
2811,504500,184500,Non GLA
2812,504500,184500,Hillingdon
2813,506500,184500,Hillingdon
2814,508500,184500,Hillingdon
2815,558500,184500,Non GLA
2816,558500,184500,Havering
2817,560500,184500,Non GLA
2818,560500,184500,Havering
2819,510500,183500,Hillingdon
2820,510500,183500,Ealing
2821,512500,183500,Ealing
2822,514500,183500,Ealing
2823,516500,183500,Ealing
2824,518500,183500,Brent
2825,518500,183500,Ealing
2826,520500,183500,Ealing
2827,520500,183500,Brent
2828,522500,183500,Brent
2829,522500,183500,Hammersmith and Fulham
2830,524500,183500,Brent
2831,524500,183500,City of Westminster
2832,526500,183500,City of Westminster
2833,526500,183500,Camden
2834,528500,183500,City of Westminster
2835,528500,183500,Camden
2836,530500,183500,Camden
2837,532500,183500,Hackney
2838,532500,183500,Islington
2839,534500,183500,Tower Hamlets
2840,534500,183500,Hackney
2841,536500,183500,Tower Hamlets
2842,536500,183500,Hackney
2843,538500,183500,Tower Hamlets
2844,538500,183500,Newham
2845,540500,183500,Newham
2846,542500,183500,Newham
2847,544500,183500,Barking and Dagenham
2848,544500,183500,Newham
2849,546500,183500,Barking and Dagenham
2850,548500,183500,Barking and Dagenham
2851,550500,183500,Havering
2852,550500,183500,Barking and Dagenham
2853,552500,183500,Havering
2854,554500,183500,Havering
2855,556500,183500,Non GLA
2856,556500,183500,Havering
2857,504500,182500,Non GLA
2858,504500,182500,Hillingdon
2859,506500,182500,Hillingdon
2860,508500,182500,Hillingdon
2861,510500,181500,Hillingdon
2862,512500,181500,Hillingdon
2863,512500,181500,Ealing
2864,514500,181500,Ealing
2865,516500,181500,Ealing
2866,518500,181500,Ealing
2867,520500,181500,Ealing
2868,522500,181500,Hammersmith and Fulham
2869,524500,181500,City of Westminster
2870,524500,181500,Kensington and Chelsea
2871,526500,181500,City of Westminster
2872,534500,181500,Tower Hamlets
2873,536500,181500,Tower Hamlets
2874,538500,181500,Tower Hamlets
2875,538500,181500,Newham
2876,540500,181500,Newham
2877,542500,181500,Newham
2878,544500,181500,Newham
2879,544500,181500,Greenwich
2880,546500,181500,Barking and Dagenham
2881,546500,181500,Greenwich
2882,548500,181500,Barking and Dagenham
2883,548500,181500,Bexley
2884,550500,181500,Bexley
2885,550500,181500,Havering
2886,552500,181500,Havering
2887,554500,181500,Non GLA
2888,554500,181500,Havering
2889,556500,181500,Non GLA
2890,505500,180500,Non GLA
2891,505500,180500,Hillingdon
2892,507500,180500,Hillingdon
2893,509500,179500,Hillingdon
2894,511500,179500,Ealing
2895,511500,179500,Hillingdon
2896,513500,179500,Ealing
2897,515500,179500,Ealing
2898,517500,179500,Ealing
2899,519500,179500,Ealing
2900,519500,179500,Hounslow
2901,521500,179500,Hammersmith and Fulham
2902,521500,179500,Ealing
2903,521500,179500,Hounslow
2904,523500,179500,Hammersmith and Fulham
2905,523500,179500,Kensington and Chelsea
2906,525500,179500,Kensington and Chelsea
2907,527500,179500,Kensington and Chelsea
2908,527500,179500,City of Westminster
2909,535500,179500,Southwark
2910,535500,179500,Tower Hamlets
2911,537500,179500,Tower Hamlets
2912,539500,179500,Greenwich
2913,539500,179500,Newham
2914,541500,179500,Greenwich
2915,541500,179500,Newham
2916,543500,179500,Greenwich
2917,543500,179500,Newham
2918,545500,179500,Greenwich
2919,547500,179500,Greenwich
2920,547500,179500,Bexley
2921,549500,179500,Bexley
2922,551500,179500,Bexley
2923,551500,179500,Havering
2924,553500,179500,Non GLA
2925,553500,179500,Havering
2926,555500,179500,Non GLA
2927,557500,179500,Non GLA
2928,505500,178500,Non GLA
2929,505500,178500,Hillingdon
2930,507500,178500,Hillingdon
2931,509500,177500,Hillingdon
2932,511500,177500,Hounslow
2933,513500,177500,Hounslow
2934,515500,177500,Hounslow
2935,517500,177500,Hounslow
2936,517500,177500,Richmond
2937,519500,177500,Richmond
2938,519500,177500,Hounslow
2939,521500,177500,Richmond
2940,521500,177500,Hounslow
2941,523500,177500,Hammersmith and Fulham
2942,523500,177500,Richmond
2943,525500,177500,Kensington and Chelsea
2944,525500,177500,Hammersmith and Fulham
2945,527500,177500,Wandsworth
2946,527500,177500,Kensington and Chelsea
2947,529500,177500,Wandsworth
2948,529500,177500,Lambeth
2949,529500,177500,City of Westminster
2950,531500,177500,Southwark
2951,531500,177500,Lambeth
2952,533500,177500,Southwark
2953,535500,177500,Southwark
2954,535500,177500,Lewisham
2955,537500,177500,Lewisham
2956,537500,177500,Greenwich
2957,539500,177500,Greenwich
2958,541500,177500,Greenwich
2959,543500,177500,Greenwich
2960,545500,177500,Bexley
2961,545500,177500,Greenwich
2962,547500,177500,Greenwich
2963,547500,177500,Bexley
2964,549500,177500,Bexley
2965,551500,177500,Bexley
2966,553500,177500,Non GLA
2967,553500,177500,Bexley
2968,504500,176500,Non GLA
2969,504500,176500,Hillingdon
2970,506500,176500,Hillingdon
2971,508500,175500,Hillingdon
2972,510500,175500,Hounslow
2973,510500,175500,Hillingdon
2974,512500,175500,Hounslow
2975,514500,175500,Hounslow
2976,516500,175500,Richmond
2977,516500,175500,Hounslow
2978,518500,175500,Richmond
2979,520500,175500,Richmond
2980,522500,175500,Wandsworth
2981,522500,175500,Richmond
2982,524500,175500,Hammersmith and Fulham
2983,524500,175500,Wandsworth
2984,526500,175500,Wandsworth
2985,526500,175500,Hammersmith and Fulham
2986,528500,175500,Wandsworth
2987,528500,175500,Lambeth
2988,530500,175500,Lambeth
2989,532500,175500,Lambeth
2990,532500,175500,Southwark
2991,534500,175500,Southwark
2992,536500,175500,Lewisham
2993,538500,175500,Lewisham
2994,540500,175500,Greenwich
2995,542500,175500,Greenwich
2996,544500,175500,Bexley
2997,544500,175500,Greenwich
2998,546500,175500,Bexley
2999,548500,175500,Bexley
3000,550500,175500,Bexley
3001,552500,175500,Bexley
3002,504500,174500,Non GLA
3003,504500,174500,Hillingdon
3004,506500,174500,Non GLA
3005,506500,174500,Hillingdon
3006,508500,173500,Hillingdon
3007,508500,173500,Hounslow
3008,510500,173500,Hounslow
3009,512500,173500,Richmond
3010,512500,173500,Hounslow
3011,514500,173500,Richmond
3012,516500,173500,Richmond
3013,518500,173500,Richmond
3014,520500,173500,Richmond
3015,522500,173500,Richmond
3016,522500,173500,Wandsworth
3017,524500,173500,Wandsworth
3018,526500,173500,Wandsworth
3019,528500,173500,Wandsworth
3020,528500,173500,Lambeth
3021,530500,173500,Lambeth
3022,532500,173500,Lambeth
3023,532500,173500,Southwark
3024,534500,173500,Southwark
3025,534500,173500,Lewisham
3026,536500,173500,Lewisham
3027,538500,173500,Lewisham
3028,540500,173500,Lewisham
3029,540500,173500,Greenwich
3030,540500,173500,Bromley
3031,542500,173500,Greenwich
3032,542500,173500,Bromley
3033,544500,173500,Greenwich
3034,544500,173500,Bexley
3035,546500,173500,Bexley
3036,548500,173500,Bexley
3037,550500,173500,Non GLA
3038,550500,173500,Bexley
3039,552500,173500,Non GLA
3040,508500,171500,Non GLA
3041,508500,171500,Hounslow
3042,510500,171500,Non GLA
3043,510500,171500,Hounslow
3044,512500,171500,Richmond
3045,512500,171500,Hounslow
3046,514500,171500,Richmond
3047,516500,171500,Richmond
3048,518500,171500,Richmond
3049,518500,171500,Kingston
3050,520500,171500,Kingston
3051,520500,171500,Richmond
3052,522500,171500,Wandsworth
3053,522500,171500,Merton
3054,524500,171500,Merton
3055,526500,171500,Wandsworth
3056,526500,171500,Merton
3057,528500,171500,Wandsworth
3058,530500,171500,Lambeth
3059,532500,171500,Croydon
3060,532500,171500,Southwark
3061,532500,171500,Lambeth
3062,534500,171500,Lewisham
3063,534500,171500,Southwark
3064,534500,171500,Bromley
3065,536500,171500,Lewisham
3066,536500,171500,Bromley
3067,538500,171500,Lewisham
3068,540500,171500,Lewisham
3069,540500,171500,Bromley
3070,542500,171500,Bromley
3071,542500,171500,Greenwich
3072,544500,171500,Bromley
3073,544500,171500,Greenwich
3074,546500,171500,Bexley
3075,548500,171500,Bexley
3076,550500,171500,Non GLA
3077,552500,171500,Non GLA
3078,512500,169500,Non GLA
3079,512500,169500,Richmond
3080,514500,169500,Non GLA
3081,514500,169500,Richmond
3082,516500,169500,Richmond
3083,518500,169500,Kingston
3084,520500,169500,Kingston
3085,522500,169500,Kingston
3086,522500,169500,Merton
3087,524500,169500,Merton
3088,526500,169500,Merton
3089,528500,169500,Merton
3090,528500,169500,Lambeth
3091,530500,169500,Lambeth
3092,530500,169500,Merton
3093,530500,169500,Croydon
3094,532500,169500,Croydon
3095,534500,169500,Bromley
3096,534500,169500,Croydon
3097,536500,169500,Bromley
3098,538500,169500,Bromley
3099,540500,169500,Bromley
3100,542500,169500,Bromley
3101,544500,169500,Bromley
3102,546500,169500,Bromley
3103,548500,169500,Bromley
3104,550500,169500,Non GLA
3105,550500,169500,Bromley
3106,552500,169500,Non GLA
3107,512500,167500,Non GLA
3108,514500,167500,Non GLA
3109,516500,167500,Non GLA
3110,516500,167500,Richmond
3111,518500,167500,Kingston
3112,520500,167500,Kingston
3113,522500,167500,Kingston
3114,522500,167500,Merton
3115,522500,167500,Sutton
3116,524500,167500,Merton
3117,526500,167500,Merton
3118,526500,167500,Sutton
3119,528500,167500,Merton
3120,528500,167500,Sutton
3121,530500,167500,Sutton
3122,530500,167500,Merton
3123,530500,167500,Croydon
3124,532500,167500,Croydon
3125,534500,167500,Croydon
3126,536500,167500,Croydon
3127,536500,167500,Bromley
3128,538500,167500,Bromley
3129,540500,167500,Bromley
3130,542500,167500,Bromley
3131,544500,167500,Bromley
3132,546500,167500,Bromley
3133,548500,167500,Bromley
3134,550500,167500,Non GLA
3135,517500,165500,Non GLA
3136,517500,165500,Kingston
3137,519500,165500,Kingston
3138,521500,165500,Non GLA
3139,521500,165500,Kingston
3140,523500,165500,Sutton
3141,525500,165500,Sutton
3142,527500,165500,Sutton
3143,529500,165500,Sutton
3144,531500,165500,Croydon
3145,533500,165500,Croydon
3146,535500,165500,Croydon
3147,537500,165500,Bromley
3148,537500,165500,Croydon
3149,539500,165500,Bromley
3150,541500,165500,Bromley
3151,543500,165500,Bromley
3152,545500,165500,Bromley
3153,547500,165500,Bromley
3154,549500,165500,Non GLA
3155,549500,165500,Bromley
3156,517500,163500,Non GLA
3157,517500,163500,Kingston
3158,519500,163500,Non GLA
3159,519500,163500,Kingston
3160,521500,163500,Non GLA
3161,523500,163500,Non GLA
3162,523500,163500,Sutton
3163,525500,163500,Sutton
3164,527500,163500,Sutton
3165,529500,163500,Sutton
3166,531500,163500,Croydon
3167,531500,163500,Sutton
3168,533500,163500,Croydon
3169,535500,163500,Croydon
3170,537500,163500,Croydon
3171,539500,163500,Croydon
3172,539500,163500,Bromley
3173,541500,163500,Bromley
3174,543500,163500,Bromley
3175,545500,163500,Bromley
3176,547500,163500,Bromley
3177,549500,163500,Non GLA
3178,549500,163500,Bromley
3179,517500,161500,Kingston
3180,519500,161500,Non GLA
3181,521500,161500,Non GLA
3182,523500,161500,Non GLA
3183,523500,161500,Sutton
3184,525500,161500,Non GLA
3185,525500,161500,Sutton
3186,527500,161500,Non GLA
3187,527500,161500,Sutton
3188,529500,161500,Croydon
3189,529500,161500,Sutton
3190,531500,161500,Croydon
3191,533500,161500,Croydon
3192,535500,161500,Non GLA
3193,535500,161500,Croydon
3194,537500,161500,Non GLA
3195,537500,161500,Croydon
3196,539500,161500,Non GLA
3197,539500,161500,Croydon
3198,539500,161500,Bromley
3199,541500,161500,Bromley
3200,543500,161500,Bromley
3201,545500,161500,Bromley
3202,547500,161500,Non GLA
3203,547500,161500,Bromley
3204,549500,161500,Non GLA
3205,517500,159500,Non GLA
3206,519500,159500,Non GLA
3207,521500,159500,Non GLA
3208,523500,159500,Non GLA
3209,525500,159500,Non GLA
3210,527500,159500,Non GLA
3211,529500,159500,Croydon
3212,529500,159500,Sutton
3213,531500,159500,Croydon
3214,533500,159500,Non GLA
3215,533500,159500,Croydon
3216,535500,159500,Non GLA
3217,535500,159500,Croydon
3218,537500,159500,Non GLA
3219,539500,159500,Non GLA
3220,539500,159500,Bromley
3221,541500,159500,Bromley
3222,543500,159500,Bromley
3223,545500,159500,Non GLA
3224,545500,159500,Bromley
3225,547500,159500,Non GLA
3226,549500,159500,Non GLA
3227,529500,157500,Non GLA
3228,529500,157500,Croydon
3229,531500,157500,Croydon
3230,533500,157500,Non GLA
3231,533500,157500,Croydon
3232,535500,157500,Non GLA
3233,537500,157500,Non GLA
3234,539500,157500,Non GLA
3235,541500,157500,Non GLA
3236,541500,157500,Bromley
3237,543500,157500,Bromley
3238,545500,157500,Non GLA
3239,545500,157500,Bromley
3240,547500,157500,Non GLA
3241,549500,157500,Non GLA
3242,529500,155500,Non GLA
3243,531500,155500,Non GLA
3244,531500,155500,Croydon
3245,533500,155500,Non GLA
3246,535500,155500,Non GLA
3247,537500,155500,Non GLA
3248,539500,155500,Non GLA
3249,555500,192500,Havering
3250,508500,181500,Hillingdon
3251,554500,180500,Non GLA
3252,554500,180500,Havering
3253,507500,177500,Hillingdon
3254,553500,176500,Non GLA
3255,553500,176500,Bexley
3256,553500,174500,Non GLA
3257,553500,174500,Bexley
3258,553500,172500,Non GLA
3259,553500,170500,Non GLA
3260,529500,182500,City of Westminster
3261,531500,182500,Camden
3262,533500,182500,Hackney
3263,533500,182500,City
3264,528500,180500,City of Westminster
3265,528500,180500,City of Westminster
3266,530500,180500,Lambeth
3267,530500,180500,Camden
3268,532500,180500,City
3269,530500,178500,City of Westminster
3270,530500,178500,City of Westminster
3271,532500,178500,Southwark
3272,532500,178500,Southwark
3273,532500,182500,City
3274,533500,180500,Tower Hamlets
3275,533500,180500,Tower Hamlets
3276,531500,178500,Lambeth
3277,531500,178500,Lambeth
3278,531500,183500,Islington
3279,531500,183500,Islington
3280,531500,181500,City of Westminster
3281,530500,181500,City
3282,532500,181500,Hackney
3283,529500,182500,Camden
3284,529500,182500,Camden
3285,531500,182500,Islington
3286,531500,182500,Islington
3287,533500,182500,Hackney
3288,533500,182500,Hackney
3289,530500,180500,City of Westminster
3290,532500,180500,Southwark
3291,530500,178500,Lambeth
3292,530500,178500,Lambeth
3293,527500,180500,City of Westminster
3294,527500,180500,City of Westminster
3295,531500,178500,Southwark
3296,531500,178500,Southwark
3297,533500,182500,Tower Hamlets
3298,533500,182500,Tower Hamlets
3299,528500,182500,City of Westminster
3300,528500,182500,City of Westminster
3301,530500,182500,Camden
3302,530500,182500,Camden
3303,532500,182500,Islington
3304,532500,182500,Islington
3305,529500,180500,City of Westminster
3306,531500,180500,Southwark
3307,531500,180500,City of Westminster
3308,533500,180500,City
3309,533500,180500,City
3310,529500,178500,City of Westminster
3311,529500,178500,City of Westminster
3312,530500,179500,Lambeth
3313,533500,179500,Southwark
3314,533500,179500,Southwark
3315,528500,182500,Camden
3316,528500,182500,Camden
3317,530500,182500,Islington
3318,530500,182500,Islington
3319,532500,182500,Hackney
3320,532500,182500,Hackney
3321,529500,180500,Camden
3322,531500,180500,Lambeth
3323,533500,180500,Southwark
3324,533500,180500,Southwark
3325,527500,181500,City of Westminster
3326,527500,181500,City of Westminster
3327,531500,181500,Camden
3328,533500,181500,Tower Hamlets
3329,533500,181500,Tower Hamlets
3330,528500,179500,City of Westminster
3331,528500,179500,City of Westminster
3332,530500,179500,City of Westminster
3333,531500,180500,City
3334,529500,181500,Camden
3335,531500,181500,Islington
3336,533500,181500,City
3337,533500,181500,City
3338,532500,179500,Southwark
3339,532500,179500,Southwark
3340,530500,183500,Islington
3341,530500,183500,Islington
3342,528500,181500,City of Westminster
3343,528500,181500,City of Westminster
3344,530500,181500,City of Westminster
3345,529500,179500,City of Westminster
3346,529500,179500,City of Westminster
3347,531500,179500,Lambeth
3348,529500,181500,City of Westminster
3349,531500,181500,City
3350,533500,181500,Hackney
3351,531500,179500,Southwark
3352,531500,179500,Southwark
3353,530500,181500,Camden
3354,532500,181500,Islington
3355,532500,181500,City
